symbol,name,exchange
0129K0.KQ,신한제18호스팩,코스닥
0011T0.KQ,채비,코스닥
0070X0.KS,에스테크엠,코넥스
0131D0.KQ,키움히어로제2호스팩,코스닥
0010F0.KQ,보원케미칼,코스닥
0132G0.KQ,교보20호스팩,코스닥
0007J0.KQ,인벤테라,코스닥
0130D0.KQ,신한제17호스팩,코스닥
394420.KQ,리센스메디컬,코스닥
0130H0.KQ,엔에이치스팩33호,코스닥
0088M0.KQ,메쥬,코스닥
408470.KQ,한패스,코스닥
493280.KQ,아이엠바이오로직스,코스닥
0082N0.KQ,카나프테라퓨틱스,코스닥
0011A0.KQ,액스비스,코스닥
458350.KQ,에스팀,코스닥
279570.KS,케이뱅크,유가
0001A0.KQ,덕양에너젠,코스닥
0115H0.KQ,삼성스팩13호,코스닥
0004V0.KQ,엔비알모션,코스닥
493330.KQ,지에프아이,코스닥
012210.KQ,삼미금속,코스닥
490470.KQ,세미파이브,코스닥
491000.KQ,리브스메드,코스닥
0097F0.KQ,미래에셋비전스팩10호,코스닥
0099W0.KQ,미래에셋비전스팩11호,코스닥
0013V0.KQ,삼진식품,코스닥
059180.KS,엔더블유시,코넥스
0101C0.KQ,하나36호스팩,코스닥
0099X0.KQ,IBKS제25호스팩,코스닥
476830.KQ,알지노믹스,코스닥
478340.KQ,나라스페이스테크놀로지,코스닥
0007C0.KQ,아크릴,코스닥
0088D0.KQ,메리츠제1호스팩,코스닥
217590.KS,티엠씨,유가
0098T0.KQ,교보19호스팩,코스닥
464490.KQ,쿼드메디슨,코스닥
466690.KQ,키움히어로제1호스팩,코스닥
0105P0.KQ,유진스팩12호,코스닥
261520.KQ,이지스,코스닥
0015S0.KQ,페스카로,코스닥
950250.KQ,테라뷰,코스닥
0054V0.KQ,엔에이치스팩32호,코스닥
0009K0.KQ,에임드바이오,코스닥
0096D0.KQ,미래에셋비전스팩9호,코스닥
0096B0.KQ,삼성스팩12호,코스닥
0093G0.KQ,미래에셋비전스팩8호,코스닥
0015N0.KQ,아로마티카,코스닥
0126Z0.KS,삼성에피스홀딩스,유가
0120G0.KS,삼양바이오팜,유가
0091W0.KQ,신영스팩11호,코스닥
0068Y0.KQ,비엔케이제3호스팩,코스닥
488900.KQ,비츠로넥스텍,코스닥
388210.KQ,씨엠티엑스,코스닥
403850.KQ,더핑크퐁컴퍼니,코스닥
403810.KS,아이엘로보틱스,코넥스
0015G0.KQ,그린광학,코스닥
459550.KQ,알트,코스닥
061090.KQ,세나테크놀로지,코스닥
494120.KQ,큐리오시스,코스닥
469610.KQ,이노테크,코스닥
486990.KQ,노타,코스닥
014950.KQ,삼익제약,코스닥
317450.KS,명인제약,유가
0072Z0.KQ,KB제33호스팩,코스닥
0071M0.KQ,삼성스팩11호,코스닥
488280.KQ,에스투더블유,코스닥
342870.KQ,오아,코스닥
496320.KS,본시스템즈,코넥스
318060.KQ,그래피,코스닥
397810.KQ,애드포러스,코스닥
0044K0.KQ,삼성스팩10호,코스닥
0010V0.KQ,제이피아이헬스케어,코스닥
125490.KQ,한라캐스트,코스닥
0008Z0.KQ,에스엔시스,코스닥
484590.KQ,삼양컴텍,코스닥
0041B0.KQ,교보18호스팩,코스닥
456160.KQ,지투지바이오,코스닥
309710.KQ,아이티켐,코스닥
0041L0.KQ,하나35호스팩,코스닥
439260.KS,대한조선,유가
468530.KQ,프로티나,코스닥
475230.KQ,엔알비,코스닥
380550.KQ,뉴로핏,코스닥
484120.KQ,도우인시스,코스닥
0004Y0.KQ,디비금융제14호스팩,코스닥
0041J0.KQ,엘에스스팩1호,코스닥
331740.KQ,아우토크립트,코스닥
0030R0.KS,대신밸류리츠,유가
462310.KQ,뉴키즈온,코스닥
234030.KQ,싸이닉솔루션,코스닥
0037T0.KQ,KB제32호스팩,코스닥
463020.KQ,뉴엔AI,코스닥
388610.KQ,지에프씨생명과학,코스닥
455180.KQ,케이지에이,코스닥
340450.KQ,지씨지놈,코스닥
474650.KQ,링크솔루션,코스닥
475430.KQ,키스트론,코스닥
496070.KQ,신한제16호스팩,코스닥
287840.KQ,인투셀,코스닥
483650.KS,달바글로벌,유가
489460.KQ,바이오비쥬,코스닥
424870.KQ,이뮨온시아,코스닥
188040.KQ,바이오포트,코스닥
125020.KQ,티씨머티리얼즈,코스닥
376900.KQ,로킷헬스케어,코스닥
476040.KQ,오가노이드사이언스,코스닥
136150.KQ,원일티엔아이,코스닥
459510.KQ,나우로보틱스,코스닥
364950.KQ,에이아이코리아,코스닥
081180.KQ,쎄크,코스닥
448900.KQ,한국피아이엠,코스닥
481070.KQ,에이유브랜즈,코스닥
101970.KQ,우양에이치씨,코스닥
462860.KQ,더즌,코스닥
444530.KQ,심플랫폼,코스닥
484810.KQ,티엑스알로보틱스,코스닥
098070.KQ,한텍,코스닥
498390.KQ,한화플러스제5호스팩,코스닥
480370.KS,씨케이솔루션,유가
031210.KS,서울보증보험,유가
460870.KQ,에스엠씨지,코스닥
226590.KQ,엠디바이스,코스닥
393970.KQ,대진첨단소재,코스닥
435570.KQ,에르코스,코스닥
489500.KQ,엘케이켐,코스닥
479960.KQ,위너스일렉,코스닥
463480.KQ,모티브링크,코스닥
303810.KQ,동국생명과학,코스닥
475830.KQ,오름테라퓨틱,코스닥
240550.KQ,동방메디컬,코스닥
212710.KQ,아이에스티이,코스닥
064400.KS,LG씨엔에스,유가
462980.KQ,아이지넷,코스닥
452450.KQ,피아이이,코스닥
482630.KQ,삼양엔씨켐,코스닥
373160.KQ,데이원컴퍼니,코스닥
450950.KQ,아스테라시스,코스닥
096250.KQ,와이즈넛,코스닥
475460.KQ,미트박스,코스닥
493790.KQ,유안타제17호스팩,코스닥
478560.KQ,블랙야크아이앤씨,코스닥
332190.KS,오션스바이오,코넥스
432980.KQ,엠에프씨,코스닥
387570.KQ,파인메딕스,코스닥
177900.KQ,쓰리에이로직스,코스닥
499790.KS,GS피앤엘,유가
487360.KQ,신한제14호스팩,코스닥
495810.KS,유비씨,코넥스
368030.KS,창대정밀,코넥스
176750.KQ,듀켐바이오,코스닥
487720.KQ,키움제10호스팩,코스닥
398120.KQ,에스지헬스케어,코스닥
476060.KQ,온코닉테라퓨틱스,코스닥
382150.KQ,온코크로스,코스닥
457600.KQ,벡트,코스닥
484870.KS,엠앤씨솔루션,유가
471820.KQ,셀로맥스사이언스,코스닥
492220.KQ,KB제31호스팩,코스닥
489480.KQ,키움제11호스팩,코스닥
415640.KS,KB발해인프라,유가
489730.KQ,디비금융제13호스팩,코스닥
489210.KQ,교보17호스팩,코스닥
482690.KQ,대신밸런스제19호스팩,코스닥
459100.KQ,위츠,코스닥
389680.KQ,유디엠텍,코스닥
474610.KQ,RF시스템즈,코스닥
466410.KQ,사이냅소프트,코스닥
484130.KQ,하나34호스팩,코스닥
475660.KQ,에스켐,코스닥
413390.KQ,엠오티,코스닥
487830.KQ,신한제15호스팩,코스닥
394800.KQ,쓰리빌리언,코스닥
464580.KQ,닷밀,코스닥
473980.KQ,노머스,코스닥
163280.KQ,에어레인,코스닥
475960.KQ,토모큐브,코스닥
475560.KS,더본코리아,유가
376270.KQ,HEM파마,코스닥
475580.KQ,에이럭스,코스닥
336680.KQ,탑런토탈솔루션,코스닥
458650.KQ,성우,코스닥
488060.KQ,유진스팩11호,코스닥
476710.KS,타조이엔터테인먼트,코넥스
466100.KQ,클로봇,코스닥
044990.KQ,에이치엔에스하이텍,코스닥
289930.KQ,웨이비스,코스닥
475400.KQ,씨메스로보틱스,코스닥
457370.KQ,한켐,코스닥
474170.KQ,루미르,코스닥
209640.KQ,와이제이링크,코스닥
465480.KQ,인스피언,코스닥
308430.KQ,셀비온,코스닥
381620.KQ,제닉스로보틱스,코스닥
351870.KQ,차이커뮤니케이션,코스닥
489790.KS,한화비전,유가
486630.KQ,KB제30호스팩,코스닥
464500.KQ,아이언디바이스,코스닥
482680.KQ,미래에셋비전스팩7호,코스닥
469750.KQ,아이비젼웍스,코스닥
461300.KQ,아이스크림미디어,코스닥
456070.KQ,이엔셀,코스닥
476080.KQ,M83,코스닥
464280.KQ,티디에스팜,코스닥
389650.KQ,넥스트바이오메디컬,코스닥
431190.KQ,케이쓰리아이,코스닥
079900.KS,전진건설로봇,유가
088340.KQ,유라클,코스닥
482520.KQ,교보16호스팩,코스닥
199480.KQ,뱅크웨어글로벌,코스닥
460470.KQ,아이빔테크놀로지,코스닥
460940.KQ,피앤에스로보틱스,코스닥
487570.KS,HS효성,유가
062040.KS,산일전기,유가
481890.KQ,엔에이치스팩31호,코스닥
473950.KQ,SK증권제13호스팩,코스닥
373110.KQ,엑셀세라퓨틱스,코스닥
478110.KQ,이베스트스팩6호,코스닥
462870.KS,시프트업,유가
450330.KQ,하스,코스닥
462350.KQ,이노스페이스,코스닥
481850.KS,신한글로벌액티브리츠,유가
295310.KQ,에이치브이엠,코스닥
266350.KS,팡스카이,코넥스
160190.KQ,하이젠알앤엠,코스닥
479880.KQ,한국제15호스팩,코스닥
464080.KQ,에스오에스랩,코스닥
478440.KQ,미래에셋비전스팩6호,코스닥
477340.KQ,에이치엠씨제7호스팩,코스닥
034230.KS,파라다이스,유가
107640.KQ,한중엔시에스,코스닥
478390.KQ,KB제29호스팩,코스닥
477470.KQ,미래에셋비전스팩5호,코스닥
458870.KQ,씨어스,코스닥
477760.KQ,디비금융스팩12호,코스닥
462510.KQ,라메디텍,코스닥
453450.KQ,그리드위즈,코스닥
323350.KQ,다원넥스뷰,코스닥
477380.KQ,미래에셋비전스팩4호,코스닥
145170.KQ,노브랜드,코스닥
456010.KQ,아이씨티케이,코스닥
443060.KS,HD현대마린솔루션,유가
473000.KQ,SK증권제12호스팩,코스닥
126730.KQ,코칩,코스닥
452200.KQ,민테크,코스닥
140430.KQ,카티스,코스닥
347850.KQ,디앤디파마텍,코스닥
474490.KQ,유안타제16호스팩,코스닥
412540.KQ,제일엠앤에스,코스닥
451250.KQ,삐아,코스닥
475250.KQ,하나33호스팩,코스닥
474930.KQ,신한제13호스팩,코스닥
474660.KQ,신한제12호스팩,코스닥
461030.KQ,아이엠비디엑스,코스닥
475150.KS,SK이터닉스,유가
475240.KQ,하나32호스팩,코스닥
455900.KQ,엔젤로보틱스,코스닥
420570.KQ,제이투케이바이오,코스닥
437730.KQ,삼현,코스닥
036220.KQ,오상헬스케어,코스닥
199430.KQ,케이엔알시스템,코스닥
469900.KQ,하나31호스팩,코스닥
472230.KQ,SK증권제11호스팩,코스닥
473050.KQ,유안타제15호스팩,코스닥
468760.KQ,유진스팩10호,코스닥
278470.KS,에이피알,유가
418620.KQ,E8,코스닥
360350.KQ,코셈,코스닥
068100.KQ,케이웨더,코스닥
452430.KQ,사피엔반도체,코스닥
443670.KQ,에스피소프트,코스닥
415380.KQ,스튜디오삼익,코스닥
472220.KQ,신영스팩10호,코스닥
472850.KQ,폰드그룹,코스닥
469480.KQ,IBKS제24호스팩,코스닥
199550.KQ,레이저옵텍,코스닥
452400.KQ,이닉스,코스닥
066970.KS,엘앤에프,유가
105760.KQ,포스뱅크,코스닥
460930.KQ,현대힘스,코스닥
440290.KQ,HB인베스트먼트,코스닥
362990.KQ,드림인사이트,코스닥
471050.KQ,대신밸런스제17호스팩,코스닥
457550.KQ,우진엔텍,코스닥
267080.KS,세븐브로이맥주,코넥스
452190.KQ,한빛레이저,코스닥
022100.KS,포스코DX,유가
017860.KS,DS단석,유가
467930.KQ,IBKS제23호스팩,코스닥
469880.KQ,하나30호스팩,코스닥
109670.KQ,씨싸이트,코스닥
439580.KQ,블루엠텍,코스닥
417200.KQ,LS머트리얼즈,코스닥
432470.KQ,케이엔에스,코스닥
465320.KQ,교보15호스팩,코스닥
338840.KQ,와이바이오로직스,코스닥
355690.KQ,에이텀,코스닥
466910.KQ,엔에이치스팩30호,코스닥
453860.KQ,에이에스텍,코스닥
402490.KQ,그린리소스,코스닥
452160.KQ,제이엔비,코스닥
452280.KQ,한선엔지니어링,코스닥
111380.KS,동인기연,유가
448280.KQ,에코아이,코스닥
352090.KQ,스톰테크,코스닥
450080.KS,에코프로머티,유가
452300.KQ,캡스톤파트너스,코스닥
296160.KS,프로젠,코넥스
365330.KQ,에스와이스틸텍,코스닥
445090.KQ,에이직랜드,코스닥
464440.KQ,한국제13호스팩,코스닥
446540.KQ,메가터치,코스닥
413640.KQ,비아이매트릭스,코스닥
451760.KQ,컨텍,코스닥
372320.KQ,큐로셀,코스닥
088280.KQ,쏘닉스,코스닥
464680.KQ,KB제27호스팩,코스닥
188260.KQ,세니젠,코스닥
290560.KQ,파라택시스이더리움,코스닥
240600.KQ,유진테크놀로지,코스닥
221800.KQ,지구홀딩스,코스닥
432720.KQ,퀄리타스반도체,코스닥
351020.KS,미쥬,코넥스
396470.KQ,워트,코스닥
246250.KQ,에스엘에스바이오,코스닥
416180.KQ,신성에스티,코스닥
445180.KQ,퓨릿,코스닥
289170.KS,바이오텐,코넥스
462020.KQ,에이치엠씨제6호스팩,코스닥
451220.KQ,아이엠티,코스닥
443250.KQ,레뷰코퍼레이션,코스닥
454910.KS,두산로보틱스,유가
430690.KQ,한싹,코스닥
418470.KQ,KT밀리의서재,코스닥
450520.KQ,인스웨이브,코스닥
403490.KQ,우듬지팜,코스닥
384470.KQ,코어라인소프트,코스닥
465770.KS,STX그린로지스,유가
146060.KQ,율촌,코스닥
355390.KQ,크라우드웍스,코스닥
418250.KQ,시큐레터,코스닥
424960.KQ,스마트레이더시스템,코스닥
092790.KS,넥스틸,유가
210120.KQ,캔버스엔,코스닥
448710.KQ,코츠테크놀로지,코스닥
445680.KQ,큐리옥스바이오시스템즈,코스닥
030190.KS,NICE평가정보,유가
440110.KQ,파두,코스닥
373170.KQ,엠아이큐브솔루션,코스닥
429270.KQ,시지트로닉스,코스닥
446440.KS,에피바이오텍,코넥스
462520.KS,조선내화,유가
172670.KQ,에이엘티,코스닥
388870.KQ,파로스아이바이오,코스닥
438700.KQ,버넥트,코스닥
406820.KQ,뷰티스킨,코스닥
432430.KQ,와이랩,코스닥
321370.KQ,센서뷰,코스닥
456570.KS,아이엠지티,코넥스
378340.KQ,필에너지,코스닥
274400.KQ,이노시뮬레이션,코스닥
354320.KQ,알멕,코스닥
440320.KQ,오픈놀,코스닥
232830.KQ,아이티센피엔에스,코스닥
451700.KQ,엔에이치스팩29호,코스닥
296520.KS,가이아코퍼레이션,코넥스
090460.KS,비에이치,유가
460850.KS,동국씨엠,유가
460860.KS,동국제강,유가
303360.KQ,프로티아,코스닥
348080.KQ,큐라티스,코스닥
439090.KQ,마녀공장,코스닥
405920.KQ,나라셀라,코스닥
285800.KQ,진영,코스닥
457190.KS,이수스페셜티케미컬,유가
456040.KS,OCI,유가
420770.KQ,기가비스,코스닥
271830.KQ,팸텍,코스닥
434480.KQ,모니터랩,코스닥
340810.KQ,시선AI,코스닥
456190.KS,큐라켐,코넥스
446840.KQ,지슨,코스닥
417790.KQ,트루엔,코스닥
304360.KQ,에스바이오메딕스,코스닥
298830.KQ,슈어소프트테크,코스닥
393210.KQ,토마토시스템,코스닥
424980.KQ,마이크로투나노,코스닥
318160.KQ,셀바이오휴먼텍,코스닥
100090.KS,SK오션플랜트,유가
448730.KS,삼성FN리츠,유가
453340.KS,현대그린푸드,유가
452260.KS,한화갤러리아,유가
358570.KQ,지아이이노베이션,코스닥
309960.KQ,LB인베스트먼트,코스닥
451800.KS,한화리츠,유가
356680.KQ,엑스게이트,코스닥
282720.KQ,금양그린파워,코스닥
418420.KQ,라온텍,코스닥
389020.KQ,자람테크놀로지,코스닥
417010.KQ,나노팀,코스닥
199730.KQ,바이오인프라,코스닥
344860.KQ,이노진,코스닥
127980.KQ,화인써키트,코스닥
418550.KQ,제이오,코스닥
411080.KQ,샌즈랩,코스닥
407400.KQ,꿈비,코스닥
408900.KQ,스튜디오미르,코스닥
419050.KQ,삼기에너지솔루션즈,코스닥
417860.KQ,오브젠,코스닥
254490.KQ,미래반도체,코스닥
052960.KS,태양3C,코넥스
425040.KQ,티이엠씨,코스닥
198940.KQ,한주라이트메탈,코스닥
380540.KQ,옵티코어,코스닥
447690.KS,아이오바이오,코넥스
346010.KS,타이드,코넥스
162300.KQ,신스틸,코스닥
377740.KS,바이오노트,유가
448780.KS,마이크로엔엑스,코넥스
390110.KS,애니메디솔루션,코넥스
417180.KQ,핑거스토리,코스닥
419530.KQ,SAMG엔터,코스닥
102950.KS,아하,코넥스
311960.KS,인터로이드,코넥스
446070.KS,유니드비티플러스,유가
168360.KQ,펨트론,코스닥
389470.KQ,인벤티지랩,코스닥
419080.KQ,엔젯,코스닥
084440.KQ,유비온,코스닥
204610.KQ,티쓰리,코스닥
425420.KQ,티에프이,코스닥
372170.KQ,윤성에프앤씨,코스닥
383930.KQ,디티앤씨알오,코스닥
348340.KQ,뉴로메카,코스닥
417500.KQ,제이아이테크,코스닥
108320.KS,LX세미콘,유가
405100.KQ,큐알티,코스닥
417840.KQ,저스템,코스닥
419120.KQ,산돌,코스닥
434190.KS,탈로스,코넥스
405000.KQ,플라즈맵,코스닥
291810.KQ,핀텔,코스닥
378800.KQ,샤페론,코스닥
419540.KQ,비스토스,코스닥
360070.KQ,탑머티리얼,코스닥
389500.KQ,에스비비테크,코스닥
368970.KQ,오에스피,코스닥
417970.KQ,모델솔루션,코스닥
296640.KQ,이노에이엑스,코스닥
441270.KQ,파인엠텍,코스닥
432320.KS,KB스타리츠,유가
067370.KQ,선바이오,코스닥
393890.KQ,더블유씨피,코스닥
314140.KQ,알피바이오,코스닥
413300.KS,티엘엔지니어링,코넥스
394280.KQ,오픈엣지테크놀로지,코스닥
129920.KQ,대성하이텍,코스닥
403550.KS,쏘카,유가
148930.KQ,에이치와이티씨,코스닥
107600.KQ,새빗켐,코스닥
126720.KS,수산인더스트리,유가
368600.KQ,아이씨에이치,코스닥
365340.KQ,성일하이텍,코스닥
397030.KQ,에이프릴바이오,코스닥
341170.KS,퓨쳐메디신,코넥스
424760.KQ,벨로크,코스닥
328130.KQ,루닛,코스닥
354390.KS,바스칸바이오제약,코넥스
403870.KQ,HPSP,코스닥
112290.KQ,와이씨켐,코스닥
402030.KQ,코난테크놀로지,코스닥
396270.KQ,넥스트칩,코스닥
412350.KQ,레이저쎌,코스닥
310210.KQ,보로노이,코스닥
377460.KQ,큐에이드,코스닥
148780.KQ,비큐AI,코스닥
382900.KQ,범한퓨얼셀,코스닥
176590.KS,코나솔,코넥스
362320.KQ,청담글로벌,코스닥
357430.KS,마스턴프리미어리츠,유가
399720.KQ,가온칩스,코스닥
389260.KQ,대명에너지,코스닥
389140.KQ,포바이포,코스닥
388050.KQ,지투파워,코스닥
413630.KQ,씨피시스템,코스닥
417310.KS,코람코더원리츠,유가
396300.KQ,세아메카닉스,코스닥
366030.KQ,공구우먼,코스닥
388720.KQ,유일로보틱스,코스닥
288980.KQ,모아데이타,코스닥
408920.KQ,메쎄이상,코스닥
376930.KQ,노을,코스닥
146320.KQ,비씨엔씨,코스닥
371950.KQ,풍원정밀,코스닥
330730.KQ,스톤브릿지벤처스,코스닥
365900.KQ,브이씨,코스닥
370090.KQ,퓨런티어,코스닥
251120.KQ,바이오에프디엔씨,코스닥
211050.KQ,인카금융서비스,코스닥
137080.KQ,나래나노텍,코스닥
136410.KQ,아셈스,코스닥
276040.KQ,스코넥,코스닥
377330.KQ,이지트로닉스,코스닥
373220.KS,LG에너지솔루션,유가
179530.KQ,애드바이오텍,코스닥
102370.KQ,케이옥션,코스닥
169670.KS,코스텍시스템,코넥스
353590.KQ,오토앤,코스닥
200350.KQ,아티스트스튜디오,코스닥
403360.KS,라피치,코넥스
254160.KS,제이엠멀티,코넥스
404990.KS,신한서부티엔디리츠,유가
199800.KQ,툴젠,코스닥
396690.KS,미래에셋글로벌리츠,유가
402420.KS,켈스,코넥스
402340.KS,SK스퀘어,유가
377480.KQ,마음AI,코스닥
361570.KQ,알비더블유,코스닥
400760.KS,NH올원리츠,유가
222160.KQ,NPX,코스닥
290090.KQ,트윔,코스닥
372800.KQ,아이티아이즈,코스닥
311320.KQ,지오엘리먼트,코스닥
357880.KQ,SKAI,코스닥
376300.KQ,디어유,코스닥
389030.KQ,지니너스,코스닥
377300.KS,카카오페이,유가
376180.KQ,피코그램,코스닥
348370.KQ,엔켐,코스닥
377450.KQ,리파인,코스닥
382800.KQ,지앤비에스 에코,코스닥
114840.KQ,아이패밀리에스씨,코스닥
261780.KQ,차백신연구소,코스닥
382480.KQ,지아이텍,코스닥
391710.KQ,코닉오토메이션,코스닥
381970.KS,케이카,유가
376290.KQ,씨유테크,코스닥
159010.KQ,아스플로,코스닥
382840.KQ,원준,코스닥
257720.KQ,실리콘투,코스닥
260970.KQ,에스앤디,코스닥
377220.KQ,프롬바이오,코스닥
099430.KQ,바이오플러스,코스닥
329180.KS,HD현대중공업,유가
395400.KS,SK리츠,유가
273640.KQ,와이엠텍,코스닥
203400.KQ,에이비온,코스닥
388790.KQ,라이콤,코스닥
271940.KS,일진하이솔루스,유가
377190.KS,디앤디플랫폼리츠,유가
308080.KQ,바이젠셀,코스닥
139990.KS,아주스틸,유가
089860.KS,롯데렌탈,유가
099390.KQ,브레인즈컴퍼니,코스닥
315640.KQ,딥노이드,코스닥
372910.KS,한컴라이프케어,유가
058970.KQ,엠로,코스닥
367000.KQ,플래티어,코스닥
376980.KQ,원티드랩,코스닥
259960.KS,크래프톤,유가
195940.KQ,HK이노엔,코스닥
178920.KS,PI첨단소재,유가
323410.KS,카카오뱅크,유가
270660.KQ,에브리봇,코스닥
377030.KQ,비트맥스,코스닥
365270.KQ,큐라클,코스닥
137310.KS,에스디바이오센서,유가
352910.KQ,오비고,코스닥
097520.KS,엠씨넥스,유가
357580.KQ,아모센스,코스닥
318660.KS,타임기술,코넥스
303530.KQ,이노뎁,코스닥
232680.KQ,라온로보틱스,코스닥
379390.KS,이성씨엔아이,코넥스
187660.KQ,페니트리움바이오,코스닥
383310.KQ,에코프로에이치엔,코스닥
383800.KS,LX홀딩스,유가
363250.KQ,진시스템,코스닥
276730.KQ,한울앤제주,코스닥
383220.KS,F&F,유가
361670.KQ,삼영에스앤씨,코스닥
252990.KQ,샘씨엔에스,코스닥
352480.KQ,씨앤씨인터내셔널,코스닥
357230.KQ,에이치피오,코스닥
361610.KS,SK아이이테크놀로지,유가
294570.KQ,쿠콘,코스닥
351330.KQ,이삭엔지니어링,코스닥
059270.KQ,해성에어로보틱스,코스닥
333620.KQ,엔시스,코스닥
289220.KQ,자이언트스텝,코스닥
361390.KQ,제노코,코스닥
347700.KQ,스피어,코스닥
302440.KS,SK바이오사이언스,유가
314930.KQ,바이오다인,코스닥
950220.KQ,네오이뮨텍,코스닥
378850.KS,화승알앤에이,유가
356890.KQ,싸이버원,코스닥
334970.KQ,프레스티지바이오로직스,코스닥
247660.KQ,나노씨엠에스,코스닥
338220.KQ,뷰노,코스닥
373200.KQ,엑스플러스,코스닥
340930.KQ,유일에너테크,코스닥
189330.KQ,씨이랩,코스닥
322310.KQ,오로스테크놀로지,코스닥
239890.KQ,피엔에이치테크,코스닥
363260.KQ,모비데이즈,코스닥
262840.KQ,아이퀘스트,코스닥
950210.KS,프레스티지바이오파마,유가
277810.KQ,레인보우로보틱스,코스닥
321820.KQ,아티스트컴퍼니,코스닥
248070.KS,솔루엠,유가
163730.KQ,핑거,코스닥
348030.KQ,모비릭스,코스닥
352700.KQ,씨앤투스,코스닥
086710.KQ,선진뷰티사이언스,코스닥
375500.KS,DL이앤씨,유가
236810.KQ,엔비티,코스닥
368770.KQ,파이버프로,코스닥
257990.KS,나우코스,코넥스
253610.KS,루트락,코넥스
365550.KS,ESR켄달스퀘어리츠,유가
369370.KQ,블리츠웨이엔터테인먼트,코스닥
357550.KQ,석경에이티,코스닥
314130.KQ,지놈앤컴퍼니,코스닥
335810.KQ,프리시젼바이오,코스닥
347860.KQ,알체라,코스닥
365590.KQ,하이딥,코스닥
064850.KQ,에프앤가이드,코스닥
356860.KQ,티엘비,코스닥
352940.KQ,인바이오,코스닥
354200.KQ,엔젠바이오,코스닥
317690.KQ,퀀타매트릭스,코스닥
009900.KS,명신산업,유가
352770.KQ,셀레스트라,코스닥
318020.KQ,포인트모바일,코스닥
129890.KQ,앱코,코스닥
265740.KQ,엔에프씨,코스닥
199820.KQ,제일일렉트릭,코스닥
299030.KQ,하나기술,코스닥
244920.KS,에이플러스에셋,유가
340570.KQ,티앤엘,코스닥
348150.KQ,고바이오랩,코스닥
330860.KQ,네패스아크,코스닥
339770.KS,교촌에프앤비,유가
290690.KQ,소룩스,코스닥
348350.KQ,위드텍,코스닥
347000.KQ,센코,코스닥
301300.KQ,바이브컴퍼니,코스닥
122830.KS,원포유,코넥스
214610.KQ,롤링스톤,코스닥
304840.KQ,피플바이오,코스닥
352820.KS,하이브,유가
348210.KQ,넥스틴,코스닥
053080.KQ,케이엔솔,코스닥
126340.KQ,비나텍,코스닥
359090.KQ,씨엔알리서치,코스닥
323990.KQ,박셀바이오,코스닥
363280.KS,티와이홀딩스,유가
318410.KQ,비비씨,코스닥
355150.KQ,코스텍시스,코스닥
347770.KQ,핌스,코스닥
291650.KQ,압타머사이언스,코스닥
294090.KQ,이오플로우,코스닥
293490.KQ,카카오게임즈,코스닥
347740.KQ,피엔케이피부임상연구센타,코스닥
357120.KS,코람코라이프인프라리츠,유가
332370.KQ,아이디피,코스닥
331920.KQ,셀레믹스,코스닥
950190.KQ,고스트스튜디오,코스닥
337930.KQ,젝시믹스,코스닥
060850.KQ,영림원소프트랩,코스닥
032300.KQ,한국파마,코스닥
348950.KS,제이알글로벌리츠,유가
357780.KQ,솔브레인,코스닥
357250.KS,미래에셋맵스리츠,유가
350520.KS,이지스레지던스리츠,유가
332570.KQ,PS일렉트로닉스,코스닥
101360.KQ,에코앤드림,코스닥
347890.KQ,엠엑스온,코스닥
298540.KQ,더네이쳐홀딩스,코스닥
225220.KQ,제놀루션,코스닥
304100.KQ,솔트룩스,코스닥
266470.KS,바이오인프라생명과학,코넥스
277880.KQ,티에스아이,코스닥
262260.KQ,에이프로,코스닥
334890.KS,이지스밸류플러스리츠,유가
950200.KQ,소마젠,코스닥
290520.KQ,신도기연,코스닥
330350.KQ,위더스제약,코스닥
326030.KS,에스케이바이오팜,유가
169330.KQ,엠브레인,코스닥
229000.KQ,젠큐릭스,코스닥
322970.KS,무진메디,코넥스
297890.KQ,HB솔루션,코스닥
351320.KQ,넥사다이내믹스,코스닥
298060.KQ,풍전약품,코스닥
353190.KQ,휴럼,코스닥
353810.KQ,이지바이오,코스닥
223250.KQ,드림씨아이에스,코스닥
353200.KS,대덕전자,유가
198080.KQ,캐프,코스닥
237820.KQ,플레이디,코스닥
092190.KQ,서울바이오시스,코스닥
204270.KQ,제이앤티씨,코스닥
274090.KQ,켄코아에어로스페이스,코스닥
294140.KQ,레몬,코스닥
294630.KQ,서남,코스닥
065370.KQ,위세아이텍,코스닥
344820.KS,케이씨씨글라스,유가
340440.KQ,세림B&G,코스닥
311690.KQ,CJ 바이오사이언스,코스닥
062970.KQ,한국첨단소재,코스닥
327260.KQ,RF머트리얼즈,코스닥
339950.KQ,아이비김영,코스닥
288330.KQ,파라택시스코리아,코스닥
340360.KQ,다보링크,코스닥
235980.KQ,메드팩토,코스닥
336570.KQ,원텍,코스닥
226330.KQ,신테카바이오,코스닥
322510.KQ,제이엘케이,코스닥
124560.KQ,태웅로직스,코스닥
335870.KQ,윙스풋,코스닥
317860.KS,노드메이슨,코넥스
302550.KQ,리메드,코스닥
338100.KS,NH프라임리츠,유가
336040.KS,타스컴,코넥스
250030.KS,진코스텍,코넥스
336060.KQ,웨이버스,코스닥
337840.KS,유엑스엔,코넥스
278650.KQ,HLB바이오스텝,코스닥
308170.KS,씨티알모빌리티,유가
321550.KQ,티움바이오,코스닥
297090.KQ,씨에스베어링,코스닥
103840.KQ,우양,코스닥
190650.KQ,코리아에셋투자증권,코스닥
322000.KS,HD현대에너지솔루션,유가
306040.KQ,에스제이그룹,코스닥
216080.KQ,제테마,코스닥
272210.KS,한화시스템,유가
214260.KQ,라파스,코스닥
084850.KQ,아이티엠반도체,코스닥
333430.KQ,일승,코스닥
317400.KS,자이에스앤디,유가
279600.KQ,미디어젠,코스닥
322180.KQ,LS티라유텍,코스닥
333050.KQ,이노테나,코스닥
330590.KS,롯데리츠,유가
013890.KS,지누스,유가
331520.KQ,밸로프,코스닥
317530.KQ,에피소드컴퍼니,코스닥
331660.KS,한국미라클피플사,코넥스
272110.KQ,케이엔제이,코스닥
317870.KQ,엔바이오니아,코스닥
318010.KQ,팜스빌,코스닥
336260.KS,두산퓨얼셀,유가
300120.KQ,라온피플,코스닥
336370.KS,솔루스첨단소재,유가
036420.KS,콘텐트리중앙,유가
158430.KQ,아톤,코스닥
234690.KQ,녹십자웰빙,코스닥
332290.KQ,누보,코스닥
331380.KQ,포커스에이아이,코스닥
093510.KS,엔지브이아이,코넥스
244460.KQ,올리패스,코스닥
317120.KQ,라닉스,코스닥
320000.KQ,한울반도체,코스닥
256150.KQ,한독크린텍,코스닥
149300.KS,아퓨어스,코넥스
311390.KQ,네오크레마,코스닥
195500.KQ,마니커에프앤지,코스닥
328380.KQ,솔트웨어,코스닥
286750.KQ,나노실리칸첨단소재,코스닥
317830.KQ,에스피시스템스,코스닥
228670.KQ,레이,코스닥
186230.KQ,그린플러스,코스닥
282880.KQ,코윈테크,코스닥
317330.KQ,덕산테코피아,코스닥
318000.KQ,KBG,코스닥
317770.KQ,엑스페릭스,코스닥
148150.KQ,세경하이테크,코스닥
313760.KQ,캐리,코스닥
317850.KQ,대모,코스닥
241840.KQ,에이스토리,코스닥
300080.KQ,플리토,코스닥
234340.KQ,헥토파이낸셜,코스닥
289010.KQ,아이스크림에듀,코스닥
327610.KS,펨토바이오메드,코넥스
251970.KQ,펌텍코리아,코스닥
312610.KQ,에이에프더블류,코스닥
323280.KQ,태성,코스닥
293780.KQ,압타바이오,코스닥
308100.KQ,형지글로벌,코스닥
305090.KQ,마이크로디지탈,코스닥
322780.KQ,코퍼스코리아,코스닥
321260.KQ,프로이천,코스닥
003670.KS,포스코퓨처엠,유가
253840.KQ,수젠텍,코스닥
307930.KQ,컴퍼니케이,코스닥
319660.KQ,피에스케이,코스닥
319400.KQ,현대무벡스,코스닥
317240.KQ,TS트릴리온,코스닥
279060.KS,이노벡스,코넥스
125210.KQ,아모그린텍,코스닥
307950.KS,현대오토에버,유가
228760.KQ,지노믹트리,코스닥
099750.KQ,이지케어텍,코스닥
100790.KQ,미래에셋벤처투자,코스닥
192650.KS,드림텍,유가
192080.KS,더블유게임즈,유가
247540.KQ,에코프로비엠,코스닥
299660.KQ,셀리드,코스닥
316140.KS,우리금융지주,유가
278280.KQ,천보,코스닥
246960.KQ,SCL사이언스,코스닥
104620.KQ,노랑풍선,코스닥
053580.KQ,웹케시,코스닥
311060.KS,엘에이티,코넥스
298690.KS,에어부산,유가
238200.KQ,비피도,코스닥
263050.KQ,유틸렉스,코스닥
290550.KQ,디케이티,코스닥
307180.KQ,아이엘,코스닥
310200.KQ,애니플러스,코스닥
310870.KQ,디와이씨,코스닥
299900.KQ,위지윅스튜디오,코스닥
309930.KQ,조이웍스앤코,코스닥
307750.KQ,국전,코스닥
298380.KQ,에이비엘바이오,코스닥
100590.KQ,머큐리,코스닥
110020.KQ,전진바이오팜,코스닥
270870.KQ,뉴트리,코스닥
307870.KQ,비투엔,코스닥
302430.KQ,이노메트리,코스닥
290120.KQ,DH오토리드,코스닥
128540.KQ,에코캡,코스닥
307280.KQ,원바이오젠,코스닥
900340.KQ,윙입푸드,코스닥
111710.KQ,남화산업,코스닥
179290.KQ,엠아이텍,코스닥
117730.KQ,티로보틱스,코스닥
290660.KQ,다이나믹솔루션,코스닥
207490.KS,에이펙스인텍,코넥스
246710.KQ,티앤알바이오팹,코스닥
267850.KS,아시아나IDT,유가
263690.KQ,디알젬,코스닥
217330.KQ,싸이토젠,코스닥
027360.KQ,아주IB투자,코스닥
263020.KQ,디케이앤디,코스닥
227100.KQ,프로브잇,코스닥
194700.KQ,노바렉스,코스닥
290670.KQ,대보마그네틱,코스닥
285490.KQ,노바텍,코스닥
290650.KQ,엘앤씨바이오,코스닥
306620.KQ,지아이에스,코스닥
108490.KQ,로보티즈,코스닥
153710.KQ,옵티팜,코스닥
288620.KQ,에스프리즘,코스닥
306200.KS,세아제강,유가
293580.KQ,나우IB,코스닥
290720.KQ,푸드나무,코스닥
293480.KS,하나제약,유가
110790.KQ,크리스에프앤씨,코스닥
299170.KQ,더블유에스아이,코스닥
219750.KQ,한국비티비,코스닥
010400.KS,우진아이엔에스,유가
291230.KQ,엔피,코스닥
257370.KQ,피엔티엠에스,코스닥
140610.KS,엔솔바이오사이언스,코넥스
197140.KQ,디지캡,코스닥
303030.KQ,지니틱스,코스닥
290740.KQ,액트로,코스닥
173130.KQ,오파스넷,코스닥
089970.KQ,브이엠,코스닥
086820.KQ,바이오솔루션,코스닥
302920.KS,더콘텐츠온,코넥스
293940.KS,신한알파리츠,유가
110990.KQ,디아이티,코스닥
275630.KQ,에스에스알,코스닥
300720.KS,한일시멘트,유가
290270.KQ,휴네시온,코스닥
091810.KS,트리니티항공,유가
286940.KS,롯데이노베이트,유가
080720.KQ,한국유니온제약,코스닥
204020.KQ,그리티,코스닥
297570.KQ,알로이스,코스닥
226950.KQ,올릭스,코스닥
298050.KS,HS효성첨단소재,유가
258050.KS,테크트랜스,코넥스
298040.KS,효성중공업,유가
298020.KS,효성티앤씨,유가
298000.KS,효성화학,유가
175250.KQ,아이큐어,코스닥
289080.KQ,SV인베스트먼트,코스닥
276240.KS,엘리비젼,코넥스
299480.KS,지앤이헬스케어,코넥스
088260.KS,이리츠코크렙,유가
245620.KQ,EDGC,코스닥
294870.KS,IPARK현대산업개발,유가
284620.KQ,카이노스메드,코스닥
037030.KQ,파워넷,코스닥
016790.KQ,현대사료,코스닥
258830.KQ,세종메디칼,코스닥
122310.KQ,제노레이,코스닥
217910.KS,에스제이켐,코넥스
950170.KQ,JTC,코스닥
253590.KQ,네오셈,코스닥
263700.KQ,케어랩스,코스닥
018250.KS,애경산업,유가
277070.KQ,린드먼아시아,코스닥
226400.KQ,오스테오닉,코스닥
183490.KQ,엔지켐생명과학,코스닥
006620.KQ,동구바이오제약,코스닥
154030.KQ,아시아종묘,코스닥
260660.KQ,알리코제약,코스닥
068270.KS,셀트리온,유가
042000.KQ,카페24,코스닥
219420.KQ,링크제니시스,코스닥
267790.KQ,배럴,코스닥
255220.KQ,SG,코스닥
264660.KQ,씨앤지하이테크,코스닥
284740.KS,쿠쿠홈시스,유가
285130.KS,SK케미칼,유가
269620.KQ,시스웍,코스닥
187870.KQ,디바이스,코스닥
236030.KS,씨알푸드,코넥스
281740.KQ,레이크머티리얼즈,코스닥
282330.KS,BGF리테일,유가
092780.KS,DYP,유가
272450.KS,진에어,유가
260930.KQ,씨티케이,코스닥
241770.KQ,메카로,코스닥
234300.KQ,에스트래픽,코스닥
281820.KS,케이씨텍,유가
066360.KQ,체리부로,코스닥
007680.KQ,대원,코스닥
272550.KS,삼양패키징,유가
253450.KQ,스튜디오드래곤,코스닥
950160.KQ,코오롱티슈진,코스닥
278990.KS,EMB,코넥스
055490.KS,테이팩스,유가
280360.KS,롯데웰푸드,유가
180060.KS,탑선,코넥스
265560.KQ,영화테크,코스닥
234100.KQ,폴라리스세원,코스닥
263810.KQ,상신전자,코스닥
255440.KQ,야스,코스닥
277410.KQ,인산가,코스닥
263920.KQ,휴엠앤씨,코스닥
243840.KQ,신흥에스이씨,코스닥
179900.KQ,유티아이,코스닥
171090.KQ,선익시스템,코스닥
259630.KQ,엠플러스,코스닥
174900.KQ,앱클론,코스닥
263750.KQ,펄어비스,코스닥
256940.KQ,킵스파마,코스닥
260870.KS,SK시그넷,코넥스
263600.KQ,덕우전자,코스닥
270520.KQ,앱튼,코스닥
258610.KQ,케일럼,코스닥
140670.KQ,알에스오토메이션,코스닥
900310.KQ,컬러레이,코스닥
273060.KQ,와이즈버즈,코스닥
118990.KQ,모트렉스,코스닥
263800.KQ,데이타솔루션,코스닥
263860.KQ,지니언스,코스닥
263720.KQ,디앤씨미디어,코스닥
162120.KS,루켄테크놀러지스,코넥스
238490.KQ,힘스,코스닥
271980.KS,제일약품,유가
251630.KQ,브이원텍,코스닥
227610.KQ,아우딘퓨쳐스,코스닥
272290.KQ,이녹스첨단소재,코스닥
035720.KS,카카오,유가
271560.KS,오리온,유가
003380.KQ,하림지주,코스닥
261200.KQ,덴티스,코스닥
233250.KS,메디안디노스틱,코넥스
267320.KQ,나인테크,코스닥
270210.KS,에스알바이오텍,코넥스
266170.KS,레드우즈,코넥스
250000.KQ,보라티알,코스닥
267980.KQ,매일유업,코스닥
225190.KQ,LK삼양,코스닥
264850.KQ,이랜시스,코스닥
161580.KQ,필옵틱스,코스닥
268280.KS,미원에스씨,유가
267290.KS,경동도시가스,유가
251270.KS,넷마블,유가
267270.KS,HD건설기계,유가
267250.KS,HD현대,유가
267260.KS,HD현대일렉트릭,유가
256630.KQ,포인트엔지니어링,코스닥
166090.KQ,하나머티리얼즈,코스닥
258790.KQ,소프트캠프,코스닥
251370.KQ,와이엠티,코스닥
264900.KS,크라운제과,유가
265520.KQ,AP시스템,코스닥
263770.KQ,유에스티,코스닥
063760.KQ,이엘피,코스닥
264450.KQ,유비쿼스,코스닥
178320.KQ,서진시스템,코스닥
183300.KQ,코미코,코스닥
246720.KQ,아스타,코스닥
145720.KS,덴티움,유가
217480.KQ,에스디생명공학,코스닥
002800.KQ,신신제약,코스닥
083500.KQ,에프엔에스테크,코스닥
087260.KQ,모바일어플라이언스,코스닥
241820.KQ,피씨엘,코스닥
111110.KS,호전실업,유가
140070.KQ,서플러스글로벌,코스닥
206650.KQ,유바이오로직스,코스닥
227420.KS,도부,코넥스
256840.KQ,한국비엔씨,코스닥
241520.KQ,DSC인베스트먼트,코스닥
246690.KQ,TS인베스트먼트,코스닥
147760.KQ,피엠티,코스닥
199290.KS,바이오프로테크,코넥스
196300.KQ,HLB펩,코스닥
203450.KQ,유니온바이오메트릭스,코스닥
215600.KQ,신라젠,코스닥
254120.KQ,자비스,코스닥
143210.KS,핸즈코퍼레이션,유가
241790.KQ,티이엠씨씨엔에스,코스닥
220100.KQ,퓨쳐켐,코스닥
144960.KQ,뉴파워프라즈마,코스닥
156100.KQ,엘앤케이바이오,코스닥
220180.KQ,핸디소프트,코스닥
241560.KS,두산밥캣,유가
207940.KS,삼성바이오로직스,유가
237880.KQ,클리오,코스닥
900300.KQ,오가닉티코스메틱,코스닥
238120.KQ,얼라인드,코스닥
252500.KQ,세화피앤씨,코스닥
243870.KS,아이티센코어,코넥스
216050.KQ,인크로스,코스닥
239610.KQ,에이치엘사이언스,코스닥
241710.KQ,코스메카코리아,코스닥
234080.KS,JW생명과학,유가
900290.KQ,GRT,코스닥
251280.KS,안지오랩,코넥스
189300.KQ,인텔리안테크,코스닥
072990.KQ,에이치시티,코스닥
950140.KQ,잉글우드랩,코스닥
238090.KQ,앤디포스,코스닥
050960.KQ,수산아이앤티,코스닥
201490.KQ,미투온,코스닥
241590.KS,화승엔터프라이즈,유가
250930.KQ,예선테크,코스닥
229640.KS,LS에코에너지,유가
204210.KS,스타에스엠리츠,유가
241690.KQ,유니테크노,코스닥
250060.KQ,모비스,코스닥
242040.KQ,나무기술,코스닥
234920.KQ,자이글,코스닥
249420.KS,일동제약,유가
900270.KQ,헝셩그룹,코스닥
248170.KS,샘표식품,유가
230360.KQ,에코마케팅,코스닥
191600.KS,블루탑,코넥스
016740.KS,두올,유가
208860.KQ,다산디엠씨,코스닥
073560.KQ,우리손에프앤지,코스닥
212310.KS,오건에코텍,코넥스
123010.KQ,알엔티엑스,코스닥
066830.KS,제노텍,코넥스
026960.KS,동서,유가
123890.KS,한국자산신탁,유가
034830.KS,한국토지신탁,유가
142760.KQ,모아라이프플러스,코스닥
237750.KQ,피앤씨테크,코스닥
900260.KQ,로스웰,코스닥
245450.KS,씨앤에스링크,코넥스
195870.KS,해성디에스,유가
237690.KQ,에스티팜,코스닥
144510.KQ,지씨셀,코스닥
148250.KQ,알엔투테크놀로지,코스닥
208850.KS,이비테크,코넥스
239340.KQ,이스트에이드,코스닥
243070.KQ,휴온스,코스닥
244880.KS,나눔테크,코넥스
112190.KS,KC산업,코넥스
070960.KS,모나용평,유가
101530.KS,해태제과식품,유가
240810.KQ,원익IPS,코스닥
238500.KS,솔루믹스,코넥스
228850.KQ,레이언스,코스닥
228340.KQ,동양파일,코스닥
004440.KS,삼일씨엔에스,유가
222110.KQ,팬젠,코스닥
211270.KQ,AP위성,코스닥
230980.KQ,비유테크놀러지,코스닥
115180.KQ,큐리언트,코스닥
065660.KQ,안트로젠,코스닥
236200.KQ,슈프리마,코스닥
194370.KS,제이에스코퍼레이션,유가
142210.KQ,유니트론텍,코스닥
900250.KQ,크리스탈신소재,코스닥
236340.KS,메디젠휴먼케어,코넥스
206950.KS,볼빅,코넥스
232530.KS,이엠티,코넥스
224060.KQ,더코디,코스닥
109610.KQ,에스와이,코스닥
233990.KS,질경이,코넥스
226320.KS,잇츠한불,유가
215570.KS,크로넥스,코넥스
223310.KQ,사토시홀딩스,코스닥
232140.KQ,와이씨,코스닥
191410.KQ,육일씨엔에쓰,코스닥
145020.KQ,휴젤,코스닥
222980.KQ,한국맥널티,코스닥
206560.KQ,덱스터,코스닥
013310.KQ,아진산업,코스닥
047920.KQ,HLB제약,코스닥
217730.KQ,강스템바이오텍,코스닥
234070.KS,에이원큐브텍,코넥스
133750.KQ,메가엠디,코스닥
225530.KQ,HC보광산업,코스닥
140860.KQ,파크시스템스,코스닥
230240.KQ,에치에프알,코스닥
122640.KQ,예스티,코스닥
222040.KQ,코스맥스엔비티,코스닥
058110.KQ,멕아이씨에스,코스닥
217820.KQ,원익피앤이,코스닥
075580.KS,세진중공업,유가
221840.KQ,하이즈항공,코스닥
180400.KQ,DXVX,코스닥
221980.KQ,케이디켐,코스닥
212560.KQ,네오오토,코스닥
227950.KQ,엔투텍,코스닥
214370.KQ,케어젠,코스닥
185490.KQ,아이진,코스닥
190510.KQ,나무가,코스닥
056090.KQ,시지메드텍,코스닥
214330.KS,금호에이치티,유가
089590.KS,제주항공,유가
226340.KQ,본느,코스닥
217950.KS,파마리서치바이오,코넥스
092590.KS,럭스피아,코넥스
229500.KS,노브메타파마,코넥스
182400.KQ,엔케이젠바이오텍코리아,코스닥
227840.KS,현대코퍼레이션홀딩스,유가
092870.KQ,엑시콘,코스닥
224810.KS,엄지하우스,코넥스
200580.KS,메디쎄이,코넥스
225430.KQ,케이엠제약,코스닥
225590.KQ,패션플랫폼,코스닥
079550.KS,LIG디펜스앤에어로스페이스,유가
225570.KQ,넥슨게임즈,코스닥
217190.KQ,제너셈,코스닥
219130.KQ,타이거일렉,코스닥
039570.KS,HDC랩스,유가
002690.KS,동일제강,유가
175140.KQ,휴먼테크놀로지,코스닥
222080.KQ,씨아이에스,코스닥
224110.KQ,에이텍모빌리티,코스닥
196700.KQ,웹스,코스닥
095570.KS,AJ네트웍스,유가
131760.KQ,파인텍,코스닥
222800.KQ,심텍,코스닥
189980.KQ,흥국에프엔비,코스닥
222420.KQ,쎄노텍,코스닥
094360.KQ,칩스앤미디어,코스닥
127710.KQ,아시아경제,코스닥
224760.KS,엔에스컴퍼니,코넥스
214430.KQ,아이쓰리시스템,코스닥
067730.KQ,로지시스,코스닥
222670.KS,플럼라인생명과학,코넥스
220260.KQ,켐트로스,코스닥
214450.KQ,파마리서치,코스닥
219550.KQ,디와이디,코스닥
087010.KQ,펩트론,코스닥
214320.KS,이노션,유가
214420.KS,토니모리,유가
086220.KS,광동헬스바이오,코넥스
223220.KS,로지스몬,코넥스
085620.KS,미래에셋생명,유가
218410.KQ,RFHIC,코스닥
094170.KQ,동운아나텍,코스닥
178780.KQ,일월지엠엘,코스닥
214180.KQ,헥토이노베이션,코스닥
214390.KS,경보제약,유가
216400.KS,인바이츠바이오코아,코넥스
166480.KQ,코아스템켐온,코스닥
210980.KS,SK디앤디,유가
103660.KS,씨앗,코넥스
177350.KQ,베셀,코스닥
217270.KQ,넵튠,코스닥
218150.KQ,미래생명자원,코스닥
160980.KQ,싸이맥스,코스닥
217500.KQ,러셀,코스닥
087600.KQ,픽셀플러스,코스닥
187420.KQ,HLB제넥스,코스닥
217880.KS,틸론,코넥스
215380.KQ,우정바이오,코스닥
076340.KS,지에이이노더스,코넥스
215480.KQ,토박스코리아,코스닥
215790.KQ,이노인스트루먼트,코스닥
215360.KQ,우리산업,코스닥
215200.KQ,메가스터디교육,코스닥
217320.KS,썬테크,코넥스
215090.KQ,솔디펜스,코스닥
215100.KQ,로보로보,코스닥
214680.KQ,디알텍,코스닥
195990.KQ,에이비프로바이오,코스닥
215000.KQ,골프존,코스닥
214150.KQ,클래시스,코스닥
214270.KQ,FSN,코스닥
145210.KS,다이나믹디자인,유가
189690.KQ,포시에스,코스닥
213420.KQ,덕산네오룩스,코스닥
213500.KS,한솔제지,유가
210540.KS,디와이파워,유가
060480.KQ,국일신동,코스닥
193250.KQ,링크드,코스닥
206640.KQ,바디텍메드,코스닥
208640.KQ,썸에이지,코스닥
200470.KQ,에이팩트,코스닥
200670.KQ,휴메딕스,코스닥
189860.KQ,서전기전,코스닥
067390.KQ,아스트,코스닥
080580.KQ,오킨스전자,코스닥
208350.KQ,지란지교시큐리티,코스닥
208710.KQ,포톤,코스닥
160550.KQ,NEW,코스닥
124500.KQ,아이티센글로벌,코스닥
208890.KS,미래엔에듀파트너,코넥스
028260.KS,삼성물산,유가
142280.KQ,녹십자엠에스,코스닥
187220.KQ,디티앤씨,코스닥
208370.KQ,셀바스헬스케어,코스닥
208140.KQ,정다운,코스닥
149980.KQ,하이로닉,코스닥
084650.KQ,랩지노믹스,코스닥
200710.KQ,에이디테크놀로지,코스닥
200780.KQ,비씨월드제약,코스닥
207760.KQ,미스터블루,코스닥
196170.KQ,알테오젠,코스닥
206400.KQ,베노티앤알,코스닥
140520.KQ,대창스틸,코스닥
173940.KQ,에프엔씨엔터,코스닥
205470.KQ,휴마시스,코스닥
112610.KS,씨에스윈드,유가
200230.KQ,텔콘RF제약,코스닥
204840.KQ,지엘팜텍,코스닥
204620.KQ,글로벌텍스프리,코스닥
196490.KQ,디에이테크놀로지,코스닥
018260.KS,삼성에스디에스,유가
149010.KS,아이케이세미콘,코넥스
205500.KQ,넥써쓰,코스닥
205100.KQ,엑셈,코스닥
191420.KQ,테고사이언스,코스닥
192440.KQ,슈피겐코리아,코스닥
143540.KQ,영우디에스피,코스닥
121060.KS,유니포인트,코넥스
203650.KQ,드림시큐리티,코스닥
041920.KQ,메디아나,코스닥
204320.KS,HL만도,유가
194480.KQ,데브시스터즈,코스닥
203690.KQ,아크솔루션스,코스닥
192410.KQ,오늘이엔엠,코스닥
198440.KQ,강동씨앤엘,코스닥
202960.KS,판도라티비,코넥스
200880.KS,서연이화,유가
187270.KQ,신화콘텍,코스닥
192400.KS,쿠쿠홀딩스,유가
177830.KQ,파버나인,코스닥
090410.KQ,덕신이피씨,코스닥
004650.KQ,창해에탄올,코스닥
192390.KQ,윈하이텍,코스닥
059120.KQ,아진엑스텍,코스닥
200130.KQ,콜마비앤에이치,코스닥
133820.KS,화인베스틸,유가
105550.KQ,엣지파운드리,코스닥
136660.KS,큐엠씨,코넥스
199150.KS,데이터스트림즈,코넥스
196450.KQ,코아시아씨엠,코스닥
071850.KQ,캐스텍코리아,코스닥
027410.KS,BGF,유가
187790.KQ,나노,코스닥
192250.KQ,케이사인,코스닥
192820.KS,코스맥스,유가
138080.KQ,오이솔루션,코스닥
053300.KQ,한국정보인증,코스닥
154040.KQ,다산솔루에타,코스닥
090850.KQ,현대이지웰,코스닥
140660.KS,위월드,코넥스
189350.KS,코셋,코넥스
184230.KQ,SGA솔루션즈,코스닥
178600.KS,대동고려삼,코넥스
049080.KQ,기가레인,코스닥
085810.KQ,알티캐스트,코스닥
185750.KS,종근당,유가
170030.KQ,현대공업,코스닥
067570.KQ,엔브이에이치코리아,코스닥
134580.KQ,탑코미디어,코스닥
006880.KS,신송홀딩스,유가
182360.KQ,큐브엔터,코스닥
171120.KQ,라이온켐텍,코스닥
171010.KQ,램테크놀러지,코스닥
138360.KQ,앤로보틱스,코스닥
183190.KS,아세아시멘트,유가
076610.KQ,해성옵틱스,코스닥
168330.KQ,내츄럴엔도텍,코스닥
064350.KS,현대로템,유가
185190.KS,수프로,코넥스
131970.KQ,두산테스나,코스닥
150900.KQ,파수AI,코스닥
170920.KQ,엘티씨,코스닥
119850.KQ,지엔씨에너지,코스닥
180640.KS,한진칼,유가
092040.KQ,아미코젠,코스닥
181710.KS,NHN,유가
130500.KQ,GH신소재,코스닥
170790.KQ,파이오링크,코스닥
151860.KQ,KG에코솔루션,코스닥
175330.KS,JB금융지주,유가
089600.KQ,KT나스미디어,코스닥
114920.KS,대주이엔티,코넥스
179720.KS,머니무브,코넥스
116100.KS,태양기계,코넥스
950130.KQ,엑세스바이오,코스닥
155660.KS,DSR,유가
141080.KQ,리가켐바이오,코스닥
170900.KS,동아에스티,유가
097800.KQ,윈팩,코스닥
104540.KQ,코렌텍,코스닥
159580.KQ,제로투세븐,코스닥
114810.KQ,한솔아이원스,코스닥
153490.KQ,우리이앤엘하루틴,코스닥
099190.KQ,아이센스,코스닥
159910.KQ,에코글로우,코스닥
046970.KQ,우리로,코스닥
113810.KQ,디젠스,코스닥
013870.KS,지엠비코리아,유가
155650.KQ,와이엠씨,코스닥
037560.KS,LG헬로비전,유가
149950.KQ,아바텍,코스닥
163560.KS,동일고무벨트,유가
161890.KS,한국콜마,유가
161390.KS,한국타이어앤테크놀로지,유가
121850.KQ,코이즈,코스닥
161000.KS,애경케미칼,유가
153460.KQ,네이블,코스닥
106520.KQ,노블엠앤비,코스닥
137400.KQ,피엔티,코스닥
014710.KS,사조씨푸드,유가
141000.KQ,비아트론,코스닥
072950.KQ,빛샘전자,코스닥
079980.KS,휴비스,유가
143240.KQ,사람인,코스닥
147830.KQ,제룡산업,코스닥
091590.KQ,남화토건,코스닥
145270.KS,케이탑리츠,유가
140410.KQ,메지온,코스닥
104830.KQ,원익머트리얼즈,코스닥
127120.KQ,제이에스링크,코스닥
007070.KS,GS리테일,유가
130580.KQ,나이스디앤비,코스닥
131090.KQ,시큐브,코스닥
100660.KQ,서암기계공업,코스닥
129260.KS,인터지스,유가
115480.KQ,씨유메디칼,코스닥
145990.KS,삼양사,유가
139670.KQ,키네마스터,코스닥
121800.KQ,비덴트,코스닥
138070.KQ,신진에스엠,코스닥
123570.KQ,이엠넷,코스닥
122870.KQ,와이지엔터테인먼트,코스닥
089030.KQ,테크윙,코스닥
101240.KQ,씨큐브,코스닥
007820.KQ,엠엑스로보틱스,코스닥
115530.KQ,씨엔플러스,코스닥
039130.KS,하나투어,유가
090360.KQ,로보스타,코스닥
131220.KQ,대한과학,코스닥
143160.KQ,아이디스,코스닥
078520.KS,에이블씨엔씨,유가
137950.KQ,제이씨케미칼,코스닥
040910.KQ,아이씨디,코스닥
123330.KQ,제닉,코스닥
023000.KS,삼원강재,유가
089980.KQ,상아프론테크,코스닥
031430.KS,신세계인터내셔날,유가
140910.KS,에이리츠,유가
138610.KQ,나이벡,코스닥
109080.KQ,옵티시스,코스닥
108380.KQ,대양전기공업,코스닥
047810.KS,한국항공우주,유가
071840.KS,롯데하이마트,유가
019770.KQ,서연탑메탈,코스닥
069640.KS,한세엠케이,유가
137940.KQ,넥스트아이,코스닥
131100.KQ,티엔엔터테인먼트,코스닥
139480.KS,이마트,유가
139130.KS,iM금융지주,유가
053210.KS,케이티스카이라이프,유가
122450.KQ,KX,코스닥
121440.KQ,골프존홀딩스,코스닥
138040.KS,메리츠금융지주,유가
136540.KQ,윈스테크넷,코스닥
136480.KQ,하림,코스닥
023350.KS,한국종합기술,유가
134060.KQ,이퓨쳐,코스닥
104480.KQ,티케이케미칼,코스닥
138930.KS,BNK금융지주,유가
020150.KS,롯데에너지머티리얼즈,유가
008470.KQ,부스타,코스닥
011210.KS,현대위아,유가
136490.KS,선진,유가
134380.KS,미원화학,유가
121600.KQ,나노신소재,코스닥
093320.KQ,케이아이엔엑스,코스닥
130740.KQ,티피씨글로벌,코스닥
061970.KQ,LB세미콘,코스닥
131180.KQ,딜리,코스닥
126880.KQ,제이엔케이글로벌,코스닥
033560.KQ,블루콤,코스닥
048530.KQ,인트론바이오,코스닥
134790.KS,시디즈,유가
131370.KQ,알서포트,코스닥
064290.KQ,인텍플러스,코스닥
131290.KQ,티에스이,코스닥
082740.KS,한화엔진,유가
131400.KQ,이브이첨단소재,코스닥
117580.KS,대성에너지,유가
126560.KS,현대퓨처넷,유가
120240.KQ,대정화금,코스닥
058860.KS,KTis,유가
130660.KS,한전산업,유가
128660.KQ,피제이메탈,코스닥
131030.KQ,옵투스제약,코스닥
096690.KQ,에이루트,코스닥
900140.KS,엘브이엠씨,유가
033830.KQ,티비씨,코스닥
033170.KQ,시그네틱스,코스닥
041460.KQ,한국전자인증,코스닥
126600.KQ,BGF에코머티리얼즈,코스닥
105740.KQ,디케이락,코스닥
123420.KQ,위메이드플레이,코스닥
123860.KQ,아나패스,코스닥
058400.KQ,KNN,코스닥
069140.KQ,누리플랜,코스닥
119830.KQ,아이텍,코스닥
101930.KQ,인화정공,코스닥
068940.KQ,셀피글로벌,코스닥
123840.KQ,뉴온,코스닥
081660.KS,미스토홀딩스,유가
117670.KQ,알파칩스,코스닥
119500.KQ,포메탈,코스닥
058850.KS,KTcs,유가
068240.KQ,다원시스,코스닥
057050.KS,현대홈쇼핑,유가
096530.KQ,씨젠,코스닥
122990.KQ,와이솔,코스닥
126700.KQ,하이비젼시스템,코스닥
126640.KQ,화신정공,코스닥
123410.KQ,코리아에프티,코스닥
002150.KS,도화엔지니어링,유가
123040.KQ,엠에스오토텍,코스닥
067920.KQ,이글루,코스닥
128820.KS,대성산업,유가
122900.KS,아이마켓코리아,유가
128940.KS,한미약품,유가
119610.KQ,인터로조,코스닥
106190.KQ,하이텍팜,코스닥
105840.KS,우진,유가
033920.KS,무학,유가
121890.KQ,에스디시스템,코스닥
123750.KQ,알톤,코스닥
089850.KQ,유비벨록스,코스닥
046120.KQ,오르비텍,코스닥
102460.KS,이연제약,유가
070300.KQ,엑스큐어,코스닥
079970.KQ,투비소프트,코스닥
123690.KS,한국화장품,유가
123700.KS,에스제이엠,유가
071200.KQ,인피니트헬스케어,코스닥
122690.KQ,서진오토모티브,코스닥
100030.KQ,인지소프트,코스닥
060980.KS,HL홀딩스,유가
032830.KS,삼성생명,유가
031440.KS,신세계푸드,유가
900110.KQ,이스트아시아홀딩스,코스닥
900100.KQ,애머릿지,코스닥
115500.KQ,케이씨에스,코스닥
900120.KQ,씨엑스아이,코스닥
115450.KQ,HLB테라퓨틱스,코스닥
122350.KQ,삼기,코스닥
088350.KS,한화생명,유가
115610.KQ,이미지스,코스닥
120030.KS,조선선재,유가
115310.KQ,인포바인,코스닥
106080.KQ,케이이엠텍,코스닥
101330.KQ,모베이스,코스닥
120110.KS,코오롱인더,유가
119650.KS,KC코트렐,유가
071320.KS,지역난방공사,유가
115570.KQ,스타플렉스,코스닥
115440.KQ,우리넷,코스닥
050860.KQ,아세아텍,코스닥
012160.KS,영흥,유가
114630.KQ,폴라리스우노,코스닥
080530.KQ,코디,코스닥
118000.KS,메타케어,유가
900070.KQ,글로벌에스엠,코스닥
099520.KQ,DGI,코스닥
114450.KQ,그린생명과학,코스닥
104460.KQ,디와이피엔에프,코스닥
112040.KQ,위메이드,코스닥
052690.KS,한전기술,유가
108860.KQ,셀바스AI,코스닥
088290.KQ,이원컴포텍,코스닥
114190.KQ,강원에너지,코스닥
114090.KS,GKL,유가
115160.KQ,휴맥스,코스닥
109960.KQ,앱토크롬,코스닥
034730.KS,SK,유가
099410.KQ,동방선기,코스닥
101000.KQ,KS인더스트리,코스닥
109820.KQ,진매트릭스,코스닥
032560.KS,황금에스티,유가
082920.KQ,비츠로셀,코스닥
000080.KS,하이트진로,유가
042520.KQ,한스바이오메드,코스닥
082640.KS,동양생명,유가
104200.KQ,NHN벅스,코스닥
052860.KQ,아이앤씨,코스닥
047400.KS,유니온머티리얼,유가
105330.KQ,케이엔더블유,코스닥
093240.KS,형지엘리트,유가
109740.KQ,디에스케이,코스닥
095700.KQ,제넥신,코스닥
108230.KQ,톱텍,코스닥
100130.KQ,동국S&C,코스닥
103230.KQ,에스앤더블류,코스닥
039490.KS,키움증권,유가
111770.KS,영원무역,유가
063080.KQ,컴투스홀딩스,코스닥
109860.KQ,동일금속,코스닥
053690.KS,한미글로벌,유가
028100.KS,동아지질,유가
102120.KQ,어보브반도체,코스닥
101730.KQ,위메이드맥스,코스닥
102710.KQ,이엔에프테크놀로지,코스닥
099440.KQ,스맥,코스닥
099220.KQ,SDN,코스닥
101680.KQ,한국정밀기계,코스닥
071970.KS,HD현대마린엔진,유가
010240.KQ,흥국,코스닥
101170.KQ,우림피티에스,코스닥
081150.KQ,티플랙스,코스닥
108670.KS,LX하우시스,유가
098660.KQ,에스티오,코스닥
071670.KQ,에이테크솔루션,코스닥
101490.KQ,에스앤에스텍,코스닥
100120.KQ,뷰웍스,코스닥
102940.KQ,코오롱생명과학,코스닥
101400.KQ,엔시트론,코스닥
105630.KS,한세실업,유가
109070.KS,주성코퍼레이션,유가
106240.KQ,파인테크닉스,코스닥
107590.KS,미원홀딩스,유가
086890.KQ,이수앱지스,코스닥
104040.KQ,디에스엠,코스닥
078070.KQ,유비쿼스홀딩스,코스닥
086900.KQ,메디톡스,코스닥
058630.KQ,엠게임,코스닥
059100.KQ,아이컴포넌트,코스닥
035420.KS,NAVER,유가
067630.KQ,HLB생명과학,코스닥
092130.KQ,이크레더블,코스닥
026940.KS,부국철강,유가
105560.KS,KB금융,유가
100700.KQ,세운메디칼,코스닥
104700.KS,한국철강,유가
098120.KQ,마이크로컨텍솔,코스닥
083470.KQ,이엠앤아이,코스닥
103590.KS,일진전기,유가
103140.KS,풍산,유가
011070.KS,LG이노텍,유가
101390.KQ,아이엠,코스닥
076080.KQ,웰크론한텍,코스닥
101670.KQ,하이드로리튬,코스닥
094840.KQ,슈프리마에이치큐,코스닥
017180.KS,명문제약,유가
063170.KQ,서울옥션,코스닥
047560.KQ,이스트소프트,코스닥
100220.KS,비상교육,유가
096240.KQ,크레버스,코스닥
102260.KS,동성케미컬,유가
101160.KQ,월덱스,코스닥
099320.KQ,쎄트렉아이,코스닥
064480.KQ,브리지텍,코스닥
098460.KQ,고영,코스닥
067000.KQ,조이시티,코스닥
018620.KQ,우진비앤지,코스닥
095610.KQ,테스,코스닥
053280.KQ,예스24,코스닥
096870.KQ,엘디티,코스닥
032640.KS,LG유플러스,유가
059210.KQ,메타바이오메드,코스닥
097870.KQ,효성오앤비,코스닥
101140.KS,인바이오젠,유가
020560.KS,아시아나항공,유가
100840.KS,SNT에너지,유가
100250.KS,진양홀딩스,유가
091440.KQ,한울소재과학,코스닥
085310.KS,엔케이,유가
097780.KQ,에코볼트,코스닥
096630.KQ,에스코넥,코스닥
068330.KQ,일신바이오,코스닥
093920.KQ,서원인텍,코스닥
067010.KQ,이씨에스,코스닥
096350.KQ,대창솔루션,코스닥
051600.KS,한전KPS,유가
069920.KQ,엑시온그룹,코스닥
096610.KQ,알에프세미,코스닥
092070.KQ,디엔에프,코스닥
094820.KQ,일진파워,코스닥
086670.KQ,비엠티,코스닥
092440.KS,기신정기,유가
095190.KQ,신화프리텍,코스닥
044450.KS,KSS해운,유가
094280.KS,효성 ITX,유가
092300.KQ,현우산업,코스닥
033270.KS,유나이티드,유가
093640.KQ,케이알엠,코스닥
092200.KS,디아이씨,유가
095910.KQ,에스에너지,코스닥
081580.KQ,성우전자,코스닥
073110.KQ,엘엠에스,코스닥
094970.KQ,제이엠티,코스닥
080520.KQ,오디텍,코스닥
095340.KQ,ISC,코스닥
085910.KQ,네오티스,코스닥
095500.KQ,미래나노텍,코스닥
027580.KQ,상보,코스닥
097950.KS,CJ제일제당,유가
086040.KQ,바이오톡스텍,코스닥
028670.KS,팬오션,유가
057540.KQ,옴니시스템,코스닥
094940.KQ,푸른기술,코스닥
095270.KQ,웨이브일렉트로,코스닥
097230.KS,HJ중공업,유가
093190.KQ,빅솔론,코스닥
096760.KS,JW홀딩스,유가
091340.KQ,S&K폴리텍,코스닥
096770.KS,SK이노베이션,유가
072770.KQ,멤레이비티,코스닥
094480.KQ,갤럭시아머니트리,코스닥
086520.KQ,에코프로,코스닥
065150.KQ,대산F&B,코스닥
078340.KQ,컴투스,코스닥
095660.KQ,네오위즈,코스닥
029780.KS,삼성카드,유가
092600.KQ,앤씨앤,코스닥
069410.KQ,엔텔스,코스닥
001780.KS,알루코,유가
093380.KQ,풍강,코스닥
095720.KS,웅진씽크빅,유가
086450.KQ,동국제약,코스닥
064820.KQ,케이프,코스닥
091580.KQ,상신이디피,코스닥
092460.KQ,한라IMS,코스닥
073540.KQ,에프알텍,코스닥
091120.KQ,이엠텍,코스닥
094850.KQ,참좋은여행,코스닥
094860.KQ,네오리진,코스닥
094800.KS,맵스리얼티,유가
078020.KQ,LS증권,코스닥
093520.KQ,매커스,코스닥
091970.KQ,나노캠텍,코스닥
092730.KQ,네오팜,코스닥
039200.KQ,오스코텍,코스닥
089010.KQ,켐트로닉스,코스닥
090470.KQ,제이스로보틱스,코스닥
088130.KQ,동아엘텍,코스닥
090370.KS,메타랩스,유가
093370.KS,후성,유가
084110.KQ,휴온스글로벌,코스닥
089150.KQ,케이씨티,코스닥
091700.KQ,파트론,코스닥
086390.KQ,유니테스트,코스닥
090710.KQ,휴림로봇,코스닥
093050.KS,LF,유가
060540.KQ,에스에이티,코스닥
066310.KQ,큐에스아이,코스닥
067280.KQ,멀티캠퍼스,코스닥
044380.KS,주연테크,유가
044820.KS,코스맥스비티아이,유가
089890.KQ,코세스,코스닥
034590.KS,인천도시가스,유가
080470.KQ,성창오토텍,코스닥
089140.KQ,넥스턴앤롤코리아,코스닥
089790.KQ,제이티,코스닥
090150.KQ,아이윈,코스닥
088390.KQ,이녹스,코스닥
009770.KS,삼정펄프,유가
092220.KS,KEC,유가
092230.KS,KPX홀딩스,유가
089230.KQ,THE E&M,코스닥
043150.KQ,바텍,코스닥
086960.KQ,MDS테크,코스닥
089470.KS,HDC현대EP,유가
038060.KQ,루멘스,코스닥
083660.KQ,CSA 코스믹,코스닥
063570.KQ,NICE인프라,코스닥
086980.KQ,쇼박스,코스닥
068050.KQ,팬엔터테인먼트,코스닥
039290.KQ,인포뱅크,코스닥
090350.KS,노루페인트,유가
090430.KS,아모레퍼시픽,유가
078860.KQ,스테이지원엔터,코스닥
088910.KQ,동우팜투테이블,코스닥
032350.KS,롯데관광개발,유가
054950.KQ,제이브이엠,코스닥
090080.KS,평화산업,유가
049800.KS,우진플라임,유가
084730.KQ,팅크웨어,코스닥
035510.KS,신세계I&C,유가
086060.KQ,진바이오텍,코스닥
022220.KQ,티케이지애강,코스닥
088790.KS,진도,유가
088800.KQ,에이스테크,코스닥
088980.KS,맥쿼리인프라,유가
023530.KS,롯데쇼핑,유가
068760.KQ,셀트리온제약,코스닥
083450.KQ,GST,코스닥
019990.KQ,에너토크,코스닥
079370.KQ,제우스,코스닥
085670.KQ,뉴프렉스,코스닥
084370.KQ,유진테크,코스닥
083790.KQ,CG인바이츠,코스닥
064550.KQ,바이오니아,코스닥
084990.KQ,헬릭스미스,코스닥
083640.KQ,인콘,코스닥
085660.KQ,차바이오텍,코스닥
086280.KS,현대글로비스,유가
078140.KQ,대봉엘에스,코스닥
067900.KQ,와이엔텍,코스닥
083550.KQ,케이엠,코스닥
084870.KS,티비에이치글로벌,유가
084180.KQ,수성웹툰,코스닥
086790.KS,하나금융지주,유가
001560.KS,제일연마,유가
080420.KQ,모다이노칩,코스닥
083650.KQ,비에이치아이,코스닥
079190.KQ,케스피온,코스닥
079430.KS,현대리바트,유가
082800.KQ,비보존 제약,코스닥
043910.KQ,자연과환경,코스닥
079000.KQ,와토스코리아,코스닥
084010.KS,대한제강,유가
041020.KQ,폴라리스오피스,코스닥
078590.KQ,휴림에이텍,코스닥
038070.KQ,서린바이오,코스닥
075180.KS,새론오토모티브,유가
083420.KS,그린케미칼,유가
079940.KQ,가비아,코스닥
077360.KQ,덕산하이메탈,코스닥
083930.KQ,아바코,코스닥
067310.KQ,하나마이크론,코스닥
083310.KQ,엘오티베큠,코스닥
082660.KQ,코스나인,코스닥
080010.KQ,이상네트웍스,코스닥
084690.KS,대상홀딩스,유가
071950.KS,코아스,유가
078160.KQ,메디포스트,코스닥
082850.KQ,우리바이오,코스닥
080160.KQ,모두투어,코스닥
084680.KS,이월드,유가
084670.KS,동양고속,유가
042700.KS,한미반도체,유가
078890.KQ,가온그룹,코스닥
050890.KQ,쏠리드,코스닥
004890.KS,동일산업,유가
082210.KQ,옵트론텍,코스닥
082270.KQ,젬백스,코스닥
075130.KQ,플랜티넷,코스닥
010960.KS,삼호개발,유가
073240.KS,금호타이어,유가
073490.KQ,LIG아큐버,코스닥
079950.KQ,인베니아,코스닥
079960.KQ,동양이엔피,코스닥
080220.KQ,제주반도체,코스닥
079170.KQ,한창산업,코스닥
079810.KQ,APS이노베이션,코스닥
052220.KQ,iMBC,코스닥
079650.KQ,서산,코스닥
052900.KQ,KX하이텍,코스닥
066910.KQ,손오공,코스닥
049950.KQ,미래컴퍼니,코스닥
052460.KQ,아이크래프트,코스닥
079160.KS,CJ CGV,유가
081000.KS,일진다이아,유가
072870.KQ,메가스터디,코스닥
073010.KQ,케이에스피,코스닥
046440.KQ,KG파이낸셜,코스닥
078600.KQ,대주전자재료,코스닥
054450.KQ,텔레칩스,코스닥
078150.KQ,HB테크놀러지,코스닥
067990.KQ,도이치모터스,코스닥
014830.KS,유니드,유가
051360.KQ,토비스,코스닥
041650.KS,상신브레이크,유가
078130.KQ,국일제지,코스닥
068790.KQ,DMS,코스닥
023810.KS,인팩,유가
048870.KQ,시너지이노베이션,코스닥
065350.KQ,신성델타테크,코스닥
078930.KS,GS,유가
077500.KS,유니퀘스트,유가
058730.KS,다스코,유가
039340.KQ,한국경제TV,코스닥
034220.KS,LG디스플레이,유가
064260.KQ,다날,코스닥
078000.KS,텔코웨어,유가
011080.KQ,형지I&C,코스닥
050090.KQ,비케이홀딩스,코스닥
057030.KQ,YBM넷,코스닥
065770.KQ,CS,코스닥
074430.KQ,아미노로직스,코스닥
066700.KQ,테라젠이텍스,코스닥
066900.KQ,디에이피,코스닥
078350.KQ,한양디지텍,코스닥
077970.KS,STX엔진,유가
075970.KQ,동국알앤에스,코스닥
069540.KQ,빛과전자,코스닥
073190.KQ,듀오백,코스닥
054090.KQ,삼진엘앤디,코스닥
041910.KQ,폴라리스AI파마,코스닥
034310.KS,NICE,유가
019680.KS,대교,유가
067770.KQ,세진티에스,코스닥
070590.KQ,인티큐브,코스닥
073570.KQ,리튬포어스,코스닥
073640.KQ,테라사이언스,코스닥
065680.KQ,우주일렉트로,코스닥
024110.KS,기업은행,유가
074610.KS,이엔플러스,유가
067160.KQ,SOOP,코스닥
060570.KQ,드림어스컴퍼니,코스닥
066410.KQ,버킷스튜디오,코스닥
074600.KQ,원익QnC,코스닥
071280.KQ,로체시스템즈,코스닥
069510.KQ,에스텍,코스닥
067170.KQ,오텍,코스닥
054780.KQ,키이스트,코스닥
041440.KQ,현대에버다임,코스닥
025750.KS,한솔홈데코,유가
072020.KQ,중앙백신,코스닥
065510.KQ,휴비츠,코스닥
072470.KQ,우리산업홀딩스,코스닥
068930.KQ,디지털대성,코스닥
007660.KS,이수페타시스,유가
035250.KS,강원랜드,유가
069330.KQ,유아이디,코스닥
064760.KQ,티씨케이,코스닥
037270.KS,YG PLUS,유가
052710.KQ,아모텍,코스닥
072710.KS,농심홀딩스,유가
065950.KQ,웰크론,코스닥
047310.KQ,파워로직스,코스닥
071050.KS,한국금융지주,유가
041520.KQ,이엘씨,코스닥
072130.KS,유엔젤,유가
034120.KS,SBS,유가
064240.KQ,홈캐스트,코스닥
066790.KQ,씨씨에스,코스닥
069080.KQ,웹젠,코스닥
036570.KS,NC,유가
071090.KS,하이스틸,유가
067080.KQ,대화제약,코스닥
066590.KQ,스모트로닉,코스닥
067290.KQ,JW신약,코스닥
066130.KQ,하츠,코스닥
065450.KQ,빅텍,코스닥
065130.KQ,탑엔지니어링,코스닥
069730.KS,DSR제강,유가
065440.KQ,이루온,코스닥
006890.KS,태경케미컬,유가
049630.KQ,재영솔루텍,코스닥
021650.KQ,한국큐빅,코스닥
051370.KQ,인터플렉스,코스닥
065570.KQ,삼영이엔씨,코스닥
065650.KQ,하이퍼코퍼레이션,코스닥
066980.KQ,한성크린텍,코스닥
016100.KQ,리더스코스메틱,코스닥
011500.KS,한농화성,유가
042040.KQ,케이피엠테크,코스닥
066670.KQ,디티씨,코스닥
066430.KQ,아이로보틱스,코스닥
047820.KQ,초록뱀미디어,코스닥
064090.KQ,인크레더블버즈,코스닥
049960.KQ,쎌바이오텍,코스닥
053290.KQ,NE능률,코스닥
064520.KQ,테크엘,코스닥
069960.KS,현대백화점,유가
035600.KQ,KG이니시스,코스닥
065170.KQ,비엘팜텍,코스닥
069460.KS,대호에이엘,유가
069620.KS,대웅제약,유가
041590.KQ,플래스크,코스닥
027740.KS,마니커,유가
036530.KS,SNT홀딩스,유가
069260.KS,티케이지휴켐스,유가
042600.KQ,새로닉스,코스닥
033530.KS,SJG세종,유가
065500.KQ,오리엔트정공,코스닥
060900.KQ,에이전트AI,코스닥
066620.KQ,국보디자인,코스닥
052770.KQ,아이톡시,코스닥
065420.KQ,에스아이리소스,코스닥
064800.KQ,포니링크,코스닥
058430.KS,포스코스틸리온,유가
039980.KQ,폴라리스AI,코스닥
048410.KQ,현대바이오,코스닥
068290.KS,삼성출판사,유가
067830.KS,세이브존I&C,유가
058610.KQ,에스피지,코스닥
045340.KQ,토탈소프트,코스닥
030610.KS,교보증권,유가
065710.KQ,서호전기,코스닥
065690.KQ,파커스,코스닥
009240.KS,한샘,유가
060560.KQ,HC홈센타,코스닥
043710.KQ,코스리거글로벌,코스닥
036010.KQ,아비코전자,코스닥
060280.KQ,큐렉소,코스닥
060230.KQ,제이케이시냅스,코스닥
046940.KQ,우원개발,코스닥
057680.KQ,티사이언티픽,코스닥
060150.KQ,인선이엔티,코스닥
065530.KQ,와이어블,코스닥
063440.KQ,SM Life Design,코스닥
017370.KS,우신시스템,유가
051160.KQ,지어소프트,코스닥
065060.KQ,지엔코,코스닥
049180.KQ,셀루메드,코스닥
060720.KQ,KH바텍,코스닥
061040.KQ,알에프텍,코스닥
050760.KQ,에스폴리텍,코스닥
054210.KQ,이랜텍,코스닥
050120.KQ,ES큐브,코스닥
054410.KQ,케이피티유,코스닥
060310.KQ,3S,코스닥
066570.KS,LG전자,유가
061250.KQ,화일약품,코스닥
053980.KQ,오상자이엘,코스닥
024720.KS,콜마홀딩스,유가
054050.KQ,농우바이오,코스닥
039420.KQ,케이엘넷,코스닥
064960.KS,SNT모티브,유가
039440.KQ,에스티아이,코스닥
049550.KQ,잉크테크,코스닥
054670.KQ,대한뉴팜,코스닥
060590.KQ,씨티씨바이오,코스닥
049070.KQ,인탑스,코스닥
060370.KQ,LS마린솔루션,코스닥
051380.KQ,피씨디렉트,코스닥
037710.KS,광주신세계,유가
053270.KQ,구영테크,코스닥
034950.KQ,한국기업평가,코스닥
060260.KQ,뉴보텍,코스닥
060380.KQ,동양에스텍,코스닥
046310.KQ,백금T&A,코스닥
049720.KQ,고려신용정보,코스닥
046890.KQ,서울반도체,코스닥
013990.KQ,아가방컴퍼니,코스닥
058450.KQ,한주에이알티,코스닥
059090.KQ,미코,코스닥
054930.KQ,유신,코스닥
035200.KQ,프럼파스트,코스닥
054040.KQ,한국컴퓨터,코스닥
048470.KQ,대동스틸,코스닥
042500.KQ,링네트,코스닥
040350.KQ,크레오에스지,코스닥
054300.KQ,팬스타엔터프라이즈,코스닥
047080.KQ,한빛소프트,코스닥
020760.KS,일진디스플,유가
060250.KQ,NHN KCP,코스닥
056730.KQ,CNT85,코스닥
053260.KQ,금강철강,코스닥
060240.KQ,스타코링크,코스닥
041930.KQ,SY동아,코스닥
054220.KQ,비츠로시스,코스닥
014940.KQ,오리엔탈정공,코스닥
043590.KQ,웰킵스하이텍,코스닥
058470.KQ,리노공업,코스닥
045300.KQ,성우테크론,코스닥
056190.KQ,에스에프에이,코스닥
056700.KQ,신화인터텍,코스닥
054940.KQ,엑사이엔씨,코스닥
043370.KQ,피에이치에이,코스닥
063160.KS,종근당바이오,유가
054620.KQ,APS,코스닥
056360.KQ,코위버,코스닥
043260.KQ,성호전자,코스닥
051390.KQ,YW,코스닥
054540.KQ,삼영엠텍,코스닥
053350.KQ,이니텍,코스닥
056080.KQ,유진로봇,코스닥
044490.KQ,태웅,코스닥
053950.KQ,경남제약,코스닥
053700.KQ,삼보모터스,코스닥
054920.KQ,한컴위드,코스닥
041960.KQ,코미팜,코스닥
053160.KQ,프리엠스,코스닥
052400.KQ,코나아이,코스닥
054180.KQ,메디콕스,코스닥
043090.KQ,더테크놀로지,코스닥
049470.KQ,비트플래닛,코스닥
053050.KQ,지에스이,코스닥
054800.KQ,아이디스홀딩스,코스닥
047770.KQ,코데즈컴바인,코스닥
053800.KQ,안랩,코스닥
055550.KS,신한지주,유가
040300.KQ,YTN,코스닥
058820.KQ,CMG제약,코스닥
035900.KQ,JYP Ent.,코스닥
021320.KQ,KCC건설,코스닥
053060.KQ,세동,코스닥
053610.KQ,프로텍,코스닥
052790.KQ,액토즈소프트,코스닥
053450.KQ,세코닉스,코스닥
053030.KQ,바이넥스,코스닥
052420.KQ,오성첨단소재,코스닥
021240.KS,코웨이,유가
053620.KQ,태양,코스닥
052300.KQ,오션인더블유,코스닥
049520.KQ,유아이엘,코스닥
048910.KQ,대원미디어,코스닥
051980.KQ,중앙첨단소재,코스닥
058650.KS,세아홀딩스,유가
051500.KQ,CJ프레시웨이,코스닥
049120.KQ,파인디앤씨,코스닥
043360.KQ,디지아이,코스닥
052330.KQ,코텍,코스닥
052600.KQ,한네트,코스닥
052020.KQ,에스티큐브,코스닥
043220.KQ,티에스넥스젠,코스닥
051780.KQ,큐로홀딩스,코스닥
033790.KQ,피노,코스닥
051490.KQ,나라엠앤디,코스닥
038870.KQ,에코심플렉스,코스닥
045660.KQ,에이텍,코스닥
045390.KQ,대아티아이,코스닥
050110.KQ,캠시스,코스닥
052260.KQ,현대바이오랜드,코스닥
036540.KQ,SFA반도체,코스닥
051900.KS,LG생활건강,유가
051910.KS,LG화학,유가
047040.KS,대우건설,유가
047050.KS,포스코인터내셔널,유가
042660.KS,한화오션,유가
038500.KQ,삼표시멘트,코스닥
051630.KS,진양화학,유가
024850.KQ,HLB이노베이션,코스닥
048550.KQ,SM C&C,코스닥
049830.KQ,승일,코스닥
048770.KQ,TPC로보틱스,코스닥
049430.KQ,코메론,코스닥
044480.KQ,빌리언스,코스닥
046390.KQ,삼화네트웍스,코스닥
014620.KQ,성광벤드,코스닥
048430.KQ,유라테크,코스닥
017480.KQ,삼현철강,코스닥
049480.KQ,오픈베이스,코스닥
042510.KQ,라온시큐어,코스닥
036670.KQ,삼양케이씨아이,코스닥
039830.KQ,오로라,코스닥
036190.KQ,금화피에스시,코스닥
046070.KQ,코다코,코스닥
041830.KQ,인바디,코스닥
014570.KQ,고려제약,코스닥
045520.KQ,크린앤사이언스,코스닥
044180.KQ,KD,코스닥
044960.KQ,이글벳,코스닥
032080.KQ,아즈텍WB,코스닥
034020.KS,두산에너빌리티,유가
010470.KQ,오리콤,코스닥
044340.KQ,위닉스,코스닥
042940.KQ,상지건설,코스닥
010040.KS,한국내화,유가
048830.KQ,엔피케이,코스닥
000250.KQ,삼천당제약,코스닥
044780.KQ,에이치케이,코스닥
045510.KQ,정원엔시스,코스닥
045100.KQ,한양이엔지,코스닥
040160.KQ,누리플렉스,코스닥
043340.KQ,에쎈테크,코스닥
043650.KQ,국순당,코스닥
037950.KQ,엘컴텍,코스닥
039030.KQ,이오테크닉스,코스닥
038540.KQ,상상인,코스닥
018680.KQ,서울제약,코스닥
046210.KQ,HLB파나진,코스닥
039860.KQ,나노엔텍,코스닥
045060.KQ,오공,코스닥
043100.KQ,알파AI,코스닥
042370.KQ,비츠로테크,코스닥
045970.KQ,코아시아,코스닥
040420.KQ,정상제이엘에스,코스닥
007370.KQ,진양제약,코스닥
043610.KQ,KT지니뮤직,코스닥
036890.KQ,진성티이씨,코스닥
039010.KQ,현대에이치티,코스닥
009300.KQ,삼아제약,코스닥
043200.KQ,파루,코스닥
042110.KQ,에스씨디,코스닥
039740.KQ,한국정보공학,코스닥
039840.KQ,디오,코스닥
042420.KQ,네오위즈홀딩스,코스닥
039560.KQ,다산네트웍스,코스닥
038460.KQ,바이오스마트,코스닥
032820.KQ,우리기술,코스닥
001540.KQ,안국약품,코스닥
039310.KQ,세중,코스닥
041190.KQ,우리기술투자,코스닥
038530.KQ,케이바이오랩스,코스닥
036640.KQ,HRS,코스닥
031330.KQ,에스에이엠티,코스닥
038620.KQ,위즈코프,코스닥
039020.KQ,이건홀딩스,코스닥
038950.KQ,파인디지털,코스닥
036800.KQ,나이스정보통신,코스닥
040610.KQ,SG&G,코스닥
038880.KQ,아이에이,코스닥
038680.KQ,에스넷,코스닥
041510.KQ,에스엠,코스닥
010280.KQ,아이티센엔텍,코스닥
037760.KQ,쎄니트,코스닥
036480.KQ,대성미생물,코스닥
038110.KQ,에코플라스틱,코스닥
032500.KQ,케이엠더블유,코스닥
039610.KQ,화성밸브,코스닥
039240.KQ,경남스틸,코스닥
038290.KQ,마크로젠,코스닥
037440.KQ,희림,코스닥
038390.KQ,레드캡투어,코스닥
036830.KQ,솔브레인홀딩스,코스닥
036810.KQ,에프에스티,코스닥
036690.KQ,코맥스,코스닥
037370.KQ,EG,코스닥
036620.KQ,감성코퍼레이션,코스닥
037350.KQ,성도이엔지,코스닥
038010.KQ,제일테크노스,코스닥
016450.KS,한세예스24홀딩스,유가
001810.KQ,무림SP,코스닥
036630.KQ,세종텔레콤,코스닥
036710.KQ,심텍홀딩스,코스닥
037070.KQ,파세코,코스닥
036560.KQ,KZ정밀,코스닥
016250.KQ,SGC E&C,코스닥
035890.KQ,서희건설,코스닥
036930.KQ,주성엔지니어링,코스닥
036030.KQ,케이티알파,코스닥
016710.KS,대성홀딩스,유가
032190.KQ,다우데이타,코스닥
005290.KQ,동진쎄미켐,코스닥
003100.KQ,선광,코스닥
036170.KQ,에이치엠넥스,코스닥
026040.KQ,제이에스티나,코스닥
037230.KQ,한국팩키지,코스닥
037460.KQ,삼지전자,코스닥
037400.KQ,우리엔터프라이즈,코스닥
003220.KS,대원제약,유가
036460.KS,한국가스공사,유가
033640.KQ,네패스,코스닥
037330.KQ,인지디스플레,코스닥
036090.KQ,위지트,코스닥
036200.KQ,유니셈,코스닥
024800.KQ,유성티엔에스,코스닥
027050.KQ,코리아나,코스닥
035290.KQ,골드앤에스,코스닥
036120.KQ,서울평가정보,코스닥
027040.KQ,서울전자통신,코스닥
027830.KQ,대성창투,코스닥
036000.KQ,예림당,코스닥
007120.KS,미래아이앤지,유가
035760.KQ,CJ ENM,코스닥
035810.KQ,이지홀딩스,코스닥
035460.KQ,기산텔레콤,코스닥
000850.KS,화천기공,유가
036580.KS,팜스코,유가
033780.KS,케이티앤지,유가
009540.KS,HD한국조선해양,유가
024090.KS,디씨엠,유가
035620.KQ,바른손이앤에이,코스닥
035610.KQ,솔본,코스닥
020710.KQ,시공테크,코스닥
012790.KQ,신일제약,코스닥
034940.KQ,조아제약,코스닥
006840.KS,AK홀딩스,유가
035000.KS,HS애드,유가
006650.KS,대한유화,유가
035150.KS,백산,유가
033250.KS,체시스,유가
033230.KQ,인성정보,코스닥
035080.KQ,그래디언트,코스닥
005160.KQ,동국산업,코스닥
005990.KQ,매일홀딩스,코스닥
034810.KQ,해성산업,코스닥
033240.KS,자화전자,유가
030200.KS,케이티,유가
019490.KS,엑시큐어하이트론,유가
030000.KS,제일기획,유가
025770.KQ,한국정보통신,코스닥
033540.KQ,파라텍,코스닥
033500.KQ,동성화인텍,코스닥
026890.KS,스틱인베스트먼트,유가
029460.KS,케이씨,유가
030350.KQ,드래곤플라이,코스닥
033160.KQ,엠케이전자,코스닥
033310.KQ,엠투엔,코스닥
033320.KQ,제이씨현시스템,코스닥
009520.KQ,포스코엠텍,코스닥
013810.KQ,스페코,코스닥
033340.KQ,좋은사람들,코스닥
024890.KS,대원화성,유가
033290.KQ,로젠,코스닥
033200.KQ,모아텍,코스닥
015710.KQ,코콤,코스닥
017940.KS,E1,유가
018670.KS,SK가스,유가
023590.KS,다우기술,유가
014440.KS,영보화학,유가
033100.KQ,제룡전기,코스닥
033050.KQ,제이엠아이,코스닥
033130.KQ,디지틀조선,코스닥
032980.KQ,바이온,코스닥
019210.KQ,와이지-원,코스닥
026150.KQ,특수건설,코스닥
031310.KQ,아이즈비전,코스닥
011790.KS,SKC,유가
032960.KQ,동일기연,코스닥
032680.KQ,소프트센,코스닥
032940.KQ,원익,코스닥
008290.KQ,원풍물산,코스닥
025890.KS,한국주강,유가
032750.KQ,삼진,코스닥
032860.KQ,더라미,코스닥
032850.KQ,비트컴퓨터,코스닥
032790.KQ,엠젠솔루션,코스닥
032800.KQ,판타지오,코스닥
024900.KS,디와이덕양,유가
023960.KS,에쓰씨엔지니어링,유가
023800.KS,인지컨트롤스,유가
032620.KQ,GC메디아이,코스닥
032580.KQ,피델릭스,코스닥
032540.KQ,TJ미디어,코스닥
028080.KQ,휴맥스홀딩스,코스닥
032280.KQ,삼일,코스닥
012320.KS,경동인베스트,유가
012340.KQ,뉴인텍,코스닥
031820.KS,아이티센씨티에스,유가
025530.KS,에스제이엠홀딩스,유가
031510.KQ,오스템,코스닥
031860.KQ,디에이치엑스컴퍼니,코스닥
031980.KQ,피에스케이홀딩스,코스닥
000660.KS,SK하이닉스,유가
015360.KS,INVENI,유가
023150.KS,MH에탄올,유가
023450.KS,동남합성,유가
028050.KS,삼성E&A,유가
029530.KS,신도리코,유가
005320.KS,온타이드,유가
016800.KS,퍼시스,유가
011560.KQ,세보엠이씨,코스닥
024740.KQ,한일단조,코스닥
024070.KS,WISCOM,유가
030720.KS,동원수산,유가
025560.KS,미래산업,유가
030210.KS,다올투자증권,유가
030960.KQ,양지사,코스닥
012630.KS,HDC,유가
017900.KS,광전자,유가
025540.KS,한국단자공업,유가
030530.KQ,원익홀딩스,코스닥
030520.KQ,한글과컴퓨터,코스닥
021880.KQ,메이슨캐피탈,코스닥
029480.KQ,광무,코스닥
021040.KQ,대호특수강,코스닥
003160.KS,디아이,유가
011930.KS,신성이엔지,유가
019180.KS,티에이치엔,유가
018880.KS,한온시스템,유가
028300.KQ,HLB,코스닥
027710.KQ,팜스토리,코스닥
006740.KS,블루산업개발,유가
021820.KS,세원정공,유가
000910.KS,유니온,유가
020120.KS,키다리스튜디오,유가
027970.KS,한국제지,유가
020000.KS,한섬,유가
017800.KS,현대엘리베이터,유가
016580.KS,환인제약,유가
023600.KQ,삼보판지,코스닥
018310.KQ,삼목에스폼,코스닥
003800.KQ,에이스침대,코스닥
014190.KQ,원익큐브,코스닥
013580.KS,계룡건설산업,유가
021050.KS,서원,유가
012750.KS,에스원,유가
015890.KS,태경산업,유가
012700.KQ,리드코프,코스닥
018000.KQ,유니슨,코스닥
025980.KQ,아난티,코스닥
026910.KQ,광진실업,코스닥
017250.KQ,인터엠,코스닥
016590.KS,신대양제지,유가
011690.KS,와이투솔루션,유가
025860.KS,남해화학,유가
018500.KS,동원금속,유가
011300.KS,우성머티리얼스,유가
015750.KQ,성우하이텍,코스닥
020180.KQ,대신정보통신,코스닥
006730.KQ,서부T&D,코스닥
011200.KS,HMM,유가
012610.KS,경인양행,유가
017810.KS,풀무원,유가
017390.KS,서울도시가스,유가
025820.KS,이구산업,유가
025950.KQ,동신건설,코스닥
025900.KQ,동화기업,코스닥
011090.KS,에넥스,유가
007460.KS,에이프로젠,유가
025620.KS,차AI헬스케어,유가
017960.KS,한국카본,유가
025870.KQ,신라에스지,코스닥
025880.KQ,케이씨피드,코스닥
002680.KQ,한탑,코스닥
025550.KQ,한국선재,코스닥
025440.KQ,DH오토웨어,코스닥
025320.KQ,시노펙스,코스닥
024940.KQ,PN풍년,코스닥
024950.KQ,삼천리자전거,코스닥
014100.KQ,메디앙스,코스닥
024840.KQ,KBI메탈,코스닥
024910.KQ,경창산업,코스닥
004780.KQ,대륙제관,코스닥
013120.KQ,동원개발,코스닥
024830.KQ,세원물산,코스닥
024880.KQ,케이피에프,코스닥
025000.KS,KPX케미칼,유가
007980.KS,TP,유가
010580.KS,에스엠벡셀,유가
024120.KQ,KB오토시스,코스닥
017000.KQ,신원종합개발,코스닥
024060.KQ,흥구석유,코스닥
023910.KQ,대한약품,코스닥
001840.KQ,이화공영,코스닥
023900.KQ,풍국주정,코스닥
017650.KQ,대림제지,코스닥
010170.KQ,대한광통신,코스닥
023790.KQ,동일스틸럭스,코스닥
023770.KQ,플레이위드,코스닥
023760.KQ,한국캐피탈,코스닥
005860.KQ,한일사료,코스닥
009440.KS,KC그린홀딩스,유가
008420.KS,문배철강,유가
016880.KS,웅진,유가
012860.KQ,모베이스전자,코스닥
006050.KQ,국영지앤엠,코스닥
023410.KQ,유진기업,코스닥
023440.KQ,제이스코홀딩스,코스닥
006910.KQ,보성파워텍,코스닥
018290.KQ,브이티,코스닥
023160.KQ,태광,코스닥
014790.KS,HL D&I,유가
007310.KS,오뚜기,유가
008500.KS,일정실업,유가
007530.KQ,와이엠,코스닥
010120.KS,엘에스일렉트릭,유가
001000.KQ,신라섬유,코스닥
012620.KQ,원일특강,코스닥
011370.KQ,서한,코스닥
009190.KS,대양금속,유가
000760.KS,이화산업,유가
014820.KS,동원시스템즈,유가
018700.KQ,바른손,코스닥
014470.KQ,부방,코스닥
010140.KS,삼성중공업,유가
009680.KS,모토닉,유가
010690.KS,화신,유가
007720.KQ,소노스퀘어,코스닥
013720.KQ,THE CUBE&,코스닥
011320.KQ,유니크,코스닥
018120.KQ,진로발효,코스닥
009620.KQ,삼보산업,코스닥
005670.KQ,푸드웰,코스닥
007330.KQ,푸른저축은행,코스닥
006140.KQ,피제이전자,코스닥
019010.KQ,베뉴지,코스닥
009780.KQ,엠에스씨,코스닥
000390.KS,SP삼화,유가
009450.KS,경동나비엔,유가
020400.KQ,대동금속,코스닥
005710.KQ,대원산업,코스닥
016600.KQ,큐캐피탈,코스닥
004590.KQ,한국가구,코스닥
016670.KQ,디모아,코스닥
000440.KQ,중앙에너비스,코스닥
012030.KS,DB,유가
005090.KS,SGC에너지,유가
014970.KQ,삼륭물산,코스닥
005750.KS,대림바스,유가
011040.KQ,경동제약,코스닥
008370.KQ,원풍,코스닥
007390.KQ,네이처셀,코스닥
002290.KQ,삼일기업공사,코스닥
019540.KQ,일지테크,코스닥
007770.KQ,한일화학,코스닥
017890.KQ,한국알콜,코스닥
003310.KQ,대주산업,코스닥
019660.KQ,글로본,코스닥
005880.KS,대한해운,유가
017510.KQ,세명전기,코스닥
005870.KS,휴니드테크놀러지스,유가
017550.KS,수산세보틱스,유가
021080.KQ,에이티넘인베스트,코스닥
011170.KS,롯데케미칼,유가
008830.KQ,대동기어,코스닥
001430.KS,세아베스틸지주,유가
008770.KS,호텔신라,유가
014580.KS,태경비케이,유가
013520.KS,화승코퍼레이션,유가
004080.KS,신흥,유가
006060.KS,화승인더스트리,유가
014530.KS,극동유화,유가
002140.KS,고려산업,유가
002230.KQ,피에스텍,코스닥
016090.KS,대현,유가
001620.KS,케이비아이동국실업,유가
017040.KS,광명전기,유가
011390.KS,부산산업,유가
011810.KS,STX,유가
010130.KS,고려아연,유가
009730.KQ,이렘,코스닥
004720.KS,팜젠사이언스,유가
009200.KS,무림페이퍼,유가
001500.KS,현대차증권,유가
008870.KS,금비,유가
005820.KS,원림,유가
008490.KS,서흥,유가
014910.KS,성문전자,유가
003580.KS,HLB글로벌,유가
015860.KS,일진홀딩스,유가
014160.KS,대영포장,유가
012280.KS,영화금속,유가
019170.KS,신풍제약,유가
002210.KS,동성제약,유가
016920.KQ,카스,코스닥
012170.KS,아센디오,유가
009420.KS,한올바이오파마,유가
013030.KQ,하이록코리아,코스닥
011330.KS,유니켐,유가
012800.KS,대창,유가
013360.KS,일성건설,유가
013700.KS,까뮤이앤씨,유가
002760.KS,보락,유가
007610.KS,선도전기,유가
004920.KS,씨아이테크,유가
009290.KS,광동제약,유가
011420.KS,갤럭시아에스엠,유가
004270.KS,남성,유가
001940.KS,KISCO홀딩스,유가
009410.KS,태영건설,유가
007280.KS,한국특강,유가
009180.KS,한솔로지스틱스,유가
002170.KS,SYTS,유가
017670.KS,SK텔레콤,유가
010640.KS,진양폴리우레탄,유가
003650.KS,미창석유공업,유가
004380.KS,삼익THK,유가
002840.KS,미원상사,유가
007860.KS,서연,유가
019550.KQ,SBI인베스트먼트,코스닥
013000.KS,세우글로벌,유가
012330.KS,현대모비스,유가
001390.KS,KG케미칼,유가
009320.KS,아진전자부품,유가
001450.KS,현대해상,유가
005440.KS,현대지에프홀딩스,유가
015760.KS,한국전력공사,유가
007690.KS,국도화학,유가
006280.KS,녹십자,유가
009160.KS,SIMPAC,유가
008600.KS,윌비스,유가
015230.KS,대창단조,유가
007160.KS,사조산업,유가
014130.KS,한익스프레스,유가
008040.KS,사조동아원,유가
009140.KS,경인전자,유가
009580.KS,무림P&P,유가
014990.KS,인디에프,유가
013570.KS,디와이,유가
003610.KS,방림,유가
015590.KS,DKME,유가
014680.KS,한솔케미칼,유가
010820.KS,퍼스텍,유가
019570.KQ,플루토스,코스닥
006040.KS,동원산업,유가
008060.KS,대덕,유가
003680.KS,한성기업,유가
006920.KQ,모헨즈,코스닥
015020.KS,이스타코,유가
011280.KS,태림포장,유가
002310.KS,아세아제지,유가
010660.KS,화천기계,유가
011150.KS,CJ씨푸드,유가
001770.KS,SHD,유가
018470.KS,조일알미늄,유가
005850.KS,에스엘,유가
009970.KS,영원무역홀딩스,유가
012510.KS,더존비즈온,유가
003850.KS,보령,유가
008250.KS,이건산업,유가
012690.KS,모나리자,유가
006370.KS,대구백화점,유가
006980.KS,우성,유가
002920.KS,유성기업,유가
002220.KS,한일철강,유가
002450.KS,삼익악기,유가
002460.KS,HS화성,유가
007340.KS,DN오토모티브,유가
000890.KS,보해양조,유가
001290.KS,상상인증권,유가
003010.KS,혜인,유가
014280.KS,금강공업,유가
009810.KS,플레이그램,유가
008730.KS,율촌화학,유가
009270.KS,신원,유가
004140.KS,동방,유가
002960.KS,한국쉘석유,유가
003000.KS,부광약품,유가
005810.KS,풍산홀딩스,유가
001270.KS,부국증권,유가
012200.KS,계양전기,유가
004710.KS,한솔테크닉스,유가
016610.KS,DB증권,유가
008930.KS,한미사이언스,유가
005500.KS,삼진제약,유가
005490.KS,POSCO홀딩스,유가
002410.KS,범양건영,유가
005690.KS,파미셀,유가
001230.KS,동국홀딩스,유가
006340.KS,대원전선,유가
005950.KS,이수화학,유가
016360.KS,삼성증권,유가
002810.KS,삼영무역,유가
001750.KS,한양증권,유가
011780.KS,금호석유화학,유가
003470.KS,유안타증권,유가
002620.KS,제일파마홀딩스,유가
015260.KS,에이엔피,유가
009460.KS,한창제지,유가
005720.KS,넥센,유가
006660.KS,삼성공조,유가
004490.KS,세방전지,유가
011000.KS,진원생명과학,유가
009310.KS,참엔지니어링,유가
010100.KS,한국무브넥스,유가
005070.KS,코스모신소재,유가
004830.KS,덕성,유가
001720.KS,신영증권,유가
001200.KS,유진증권,유가
003460.KS,유화증권,유가
011700.KS,한신기계공업,유가
005420.KS,코스모화학,유가
000500.KS,가온전선,유가
010950.KS,S-Oil,유가
012450.KS,한화에어로스페이스,유가
011230.KS,삼화전자공업,유가
004020.KS,현대제철,유가
004770.KS,써니전자,유가
004560.KS,현대비앤지스틸,유가
006090.KS,사조오양,유가
003530.KS,한화투자증권,유가
009470.KS,삼화전기,유가
001510.KS,SK증권,유가
010770.KS,평화홀딩스,유가
007110.KS,일신석재,유가
016380.KS,KG스틸,유가
010780.KS,아이에스동서,유가
002360.KS,SH에너지화학,유가
003830.KS,대한화섬,유가
007810.KS,코리아써키트,유가
004170.KS,신세계,유가
010060.KS,OCI홀딩스,유가
000520.KS,삼일제약,유가
006490.KS,인스코비,유가
003120.KS,일성아이에스,유가
000720.KS,현대건설,유가
002710.KS,TCC스틸,유가
003060.KS,에이프로젠바이오로직스,유가
007700.KS,F&F 홀딩스,유가
008700.KS,아남전자,유가
006360.KS,GS건설,유가
006110.KS,삼아알미늄,유가
006200.KS,한국전자홀딩스,유가
006400.KS,삼성SDI,유가
009150.KS,삼성전기,유가
005960.KS,동부건설,유가
009070.KS,케이씨티시,유가
003070.KS,코오롱글로벌,유가
005180.KS,빙그레,유가
005250.KS,녹십자홀딩스,유가
000480.KS,시알홀딩스,유가
004310.KS,현대약품,유가
003920.KS,남양유업,유가
008350.KS,남선알미늄,유가
003350.KS,한국화장품제조,유가
011760.KS,현대코퍼레이션,유가
006260.KS,LS,유가
001740.KS,SK네트웍스,유가
002100.KS,경농,유가
004870.KS,티웨이홀딩스,유가
007590.KS,동방아그로,유가
004430.KS,송원산업,유가
002780.KS,진흥기업,유가
004090.KS,한국석유공업,유가
000650.KS,천일고속,유가
000430.KS,대원강업,유가
001080.KS,만호제강,유가
004700.KS,조광피혁,유가
004360.KS,세방,유가
008970.KS,KBI동양철관,유가
002880.KS,디와이에이,유가
001260.KS,남광토건,유가
005680.KS,삼영전자공업,유가
005800.KS,신영와코루,유가
002630.KS,오리엔트바이오,유가
001550.KS,조비,유가
005430.KS,한국공항,유가
004910.KS,조광페인트,유가
003080.KS,SB성보,유가
004690.KS,삼천리,유가
002600.KS,조흥,유가
001570.KS,금양,유가
003960.KS,사조대림,유가
002070.KS,비비안,유가
003570.KS,SNT다이내믹스,유가
004960.KS,한신공영,유가
004370.KS,농심,유가
003720.KS,삼영,유가
004980.KS,성신양회,유가
004970.KS,신라교역,유가
002870.KS,신풍,유가
001630.KS,종근당홀딩스,유가
005740.KS,크라운해태홀딩스,유가
002390.KS,한독,유가
001380.KS,SG글로벌,유가
006120.KS,SK디스커버리,유가
007540.KS,샘표,유가
003280.KS,흥아해운,유가
001250.KS,GS글로벌,유가
002990.KS,금호건설,유가
001470.KS,삼부토건,유가
001820.KS,삼화콘덴서공업,유가
001020.KS,페이퍼코리아,유가
001520.KS,동양,유가
000880.KS,한화,유가
001060.KS,JW중외제약,유가
000670.KS,영풍,유가
001340.KS,PKC,유가
000180.KS,성창기업지주,유가
005110.KS,한창,유가
004450.KS,삼화왕관,유가
000040.KS,KR모터스,유가
002240.KS,고려제강,유가
004100.KS,태양금속공업,유가
002820.KS,SUN&L,유가
004840.KS,DRB동일,유가
002350.KS,넥센타이어,유가
004060.KS,SG세계물산,유가
004000.KS,롯데정밀화학,유가
000020.KS,동화약품,유가
000210.KS,DL,유가
001120.KS,LX인터내셔널,유가
002720.KS,국제약품,유가
003240.KS,태광산업,유가
005030.KS,부산주공,유가
000590.KS,CS홀딩스,유가
000990.KS,DB하이텍,유가
006570.KS,대림통상,유가
000220.KS,유유제약,유가
000860.KS,강남제비스코,유가
003540.KS,대신증권,유가
005940.KS,NH투자증권,유가
006800.KS,미래에셋증권,유가
002700.KS,신일전자,유가
001360.KS,삼성제약,유가
000810.KS,삼성화재해상보험,유가
003230.KS,삼양식품,유가
000370.KS,한화손해보험,유가
008260.KS,NI스틸,유가
000230.KS,일동홀딩스,유가
000490.KS,대동,유가
001800.KS,오리온홀딩스,유가
004540.KS,깨끗한나라,유가
001420.KS,태원물산,유가
002020.KS,코오롱,유가
005930.KS,삼성전자,유가
000300.KS,DH오토넥스,유가
001460.KS,BYC,유가
003620.KS,KG모빌리티,유가
005610.KS,삼립,유가
000540.KS,흥국화재,유가
007570.KS,일양약품,유가
002320.KS,한진,유가
002200.KS,한국수출포장공업,유가
005380.KS,현대자동차,유가
005360.KS,모나미,유가
009830.KS,한화솔루션,유가
002030.KS,아세아,유가
006380.KS,카프로,유가
004990.KS,롯데지주,유가
001070.KS,대한방직,유가
004410.KS,서울식품공업,유가
000680.KS,LS네트웍스,유가
001210.KS,금호전기,유가
000140.KS,하이트진로홀딩스,유가
000320.KS,노루홀딩스,유가
000270.KS,기아,유가
004800.KS,효성,유가
001040.KS,CJ,유가
000150.KS,두산,유가
005010.KS,휴스틸,유가
005830.KS,DB손해보험,유가
002900.KS,TYM,유가
003090.KS,대웅,유가
003780.KS,진양산업,유가
003520.KS,영진약품,유가
002380.KS,케이씨씨,유가
005300.KS,롯데칠성음료,유가
003200.KS,일신방직,유가
002790.KS,아모레퍼시픽홀딩스,유가
006220.KS,제주은행,유가
004150.KS,한솔홀딩스,유가
007210.KS,벽산,유가
000400.KS,롯데손해보험,유가
001130.KS,대한제분,유가
001680.KS,대상,유가
003550.KS,LG,유가
000640.KS,동아쏘시오홀딩스,유가
003690.KS,코리안리,유가
000970.KS,한국주철관공업,유가
003300.KS,한일홀딩스,유가
004250.KS,엔피씨,유가
003030.KS,세아제강지주,유가
001440.KS,대한전선,유가
001790.KS,대한제당,유가
000070.KS,삼양홀딩스,유가
002420.KS,세기상사,유가
000240.KS,한국앤컴퍼니,유가
000950.KS,전방,유가
003490.KS,대한항공,유가
001530.KS,디아이동일,유가
000100.KS,유한양행,유가
000120.KS,CJ대한통운,유가
000050.KS,경방,유가
000700.KS,유수홀딩스,유가
003480.KS,한진중공업홀딩스,유가
